urlEnd,Team1,Team2,Venue,Country,StartDate,TossWin,TossElect,Score1,Score2,Score3,Score4,Winner,Margin
63932,ENG,PAK,Lord's,ENG,17 May 2001,PAK,bowl,391,203,179 (f/o),-,ENG,an innings and 9 runs
63933,PAK,ENG,Manchester,ENG,31 May 2001,PAK,bat,403,357,323,261,PAK,108 runs
63936,ENG,AUS,Birmingham,ENG,5 Jul 2001,AUS,bowl,294,576,164,-,AUS,an innings and 118 runs
63937,ENG,AUS,Lord's,ENG,19 Jul 2001,AUS,bowl,187,401,227,14/2,AUS,8 wickets
63938,ENG,AUS,Nottingham,ENG,2 Aug 2001,ENG,bat,185,190,162,158/3,AUS,7 wickets
63939,AUS,ENG,Leeds,ENG,16 Aug 2001,AUS,bat,447,309,176/4d,315/4,ENG,6 wickets
63940,AUS,ENG,The Oval,ENG,23 Aug 2001,AUS,bat,641/4d,432,184 (f/o),-,AUS,an innings and 25 runs
63990,SRL,ENG,Lord's,ENG,16 May 2002,SRL,bat,555/8d,275,529/5d (f/o),42/1,draw,-
63991,SRL,ENG,Birmingham,ENG,30 May 2002,ENG,bowl,162,545,272,-,ENG,an innings and 111 runs
63992,ENG,SRL,Manchester,ENG,13 Jun 2002,ENG,bat,512,253,308 (f/o),50/0,ENG,10 wickets
63997,ENG,IND,Lord's,ENG,25 Jul 2002,ENG,bat,487,221,301/6d,397,ENG,170 runs
63998,IND,ENG,Nottingham,ENG,8 Aug 2002,IND,bat,357,617,424/8d,-,draw,-
63999,IND,ENG,Leeds,ENG,22 Aug 2002,IND,bat,628/8d,273,309 (f/o),-,IND,an innings and 46 runs
64000,ENG,IND,The Oval,ENG,5 Sep 2002,ENG,bat,515,508,114/0,-,draw,-
64032,ENG,ZIM,Lord's,ENG,22 May 2003,ZIM,bowl,472,147,233 (f/o),-,ENG,an innings and 92 runs
64033,ENG,ZIM,Chester-le-Street,ENG,5 Jun 2003,ENG,bat,416,94,253 (f/o),-,ENG,an innings and 69 runs
64038,RSA,ENG,Birmingham,ENG,24 Jul 2003,RSA,bat,594/5d,408,134/4d,110/1,draw,-
64039,ENG,RSA,Lord's,ENG,31 Jul 2003,RSA,bowl,173,682/6d,417,-,RSA,an innings and 92 runs
64040,ENG,RSA,Nottingham,ENG,14 Aug 2003,ENG,bat,445,362,118,131,ENG,70 runs
64041,RSA,ENG,Leeds,ENG,21 Aug 2003,RSA,bat,342,307,365,209,RSA,191 runs
64042,RSA,ENG,The Oval,ENG,4 Sep 2003,RSA,bat,484,604/9d,229,110/1,ENG,9 wickets
64086,NZL,ENG,Lord's,ENG,20 May 2004,NZL,bat,386,441,336,282/3,ENG,7 wickets
64087,NZL,ENG,Leeds,ENG,3 Jun 2004,ENG,bowl,409,526,161,45/1,ENG,9 wickets
64088,NZL,ENG,Nottingham,ENG,10 Jun 2004,NZL,bat,384,319,218,284/6,ENG,4 wickets
64093,ENG,WIN,Lord's,ENG,22 Jul 2004,WIN,bowl,568,416,325/5d,267,ENG,210 runs
64094,ENG,WIN,Birmingham,ENG,29 Jul 2004,ENG,bat,566/9d,336,248,222,ENG,256 runs
64095,WIN,ENG,Manchester,ENG,12 Aug 2004,WIN,bat,395,330,165,231/3,ENG,7 wickets
64096,ENG,WIN,The Oval,ENG,19 Aug 2004,ENG,bat,470,152,318 (f/o),4/0,ENG,10 wickets
209929,BAN,ENG,Lord's,ENG,26 May 2005,ENG,bowl,108,528/3d,159,-,ENG,an innings and 261 runs
210366,BAN,ENG,Chester-le-Street,ENG,3 Jun 2005,ENG,bowl,104,447/3d,316,-,ENG,an innings and 27 runs
213856,AUS,ENG,Lord's,ENG,21 Jul 2005,AUS,bat,190,155,384,180,AUS,239 runs
215010,ENG,AUS,Birmingham,ENG,4 Aug 2005,AUS,bowl,407,308,182,279,ENG,2 runs
215686,ENG,AUS,Manchester,ENG,11 Aug 2005,ENG,bat,444,302,280/6d,371/9,draw,-
216994,ENG,AUS,Nottingham,ENG,25 Aug 2005,ENG,bat,477,218,387 (f/o),129/7,ENG,3 wickets
218383,ENG,AUS,The Oval,ENG,8 Sep 2005,ENG,bat,373,367,335,4/0,draw,-
225264,ENG,SRL,Lord's,ENG,11 May 2006,ENG,bat,551/6d,192,537/9 (f/o),-,draw,-
225265,SRL,ENG,Birmingham,ENG,25 May 2006,SRL,bat,141,295,231,81/4,ENG,6 wickets
225266,SRL,ENG,Nottingham,ENG,2 Jun 2006,SRL,bat,231,229,322,190,SRL,134 runs
225255,ENG,PAK,Lord's,ENG,13 Jul 2006,ENG,bat,528/9d,445,296/8d,214/4,draw,-
225256,PAK,ENG,Manchester,ENG,27 Jul 2006,PAK,bat,119,461/9d,222,-,ENG,an innings and 120 runs
225257,ENG,PAK,Leeds,ENG,4 Aug 2006,ENG,bat,515,538,345,155,ENG,167 runs
258459,ENG,WIN,Lord's,ENG,17 May 2007,WIN,bowl,553/5d,437,284/8d,89/0,draw,-
258460,ENG,WIN,Leeds,ENG,25 May 2007,ENG,bat,570/7d,146,141 (f/o),-,ENG,an innings and 283 runs
258461,ENG,WIN,Manchester,ENG,7 Jun 2007,ENG,bat,370,229,313,394,ENG,60 runs
258462,WIN,ENG,Chester-le-Street,ENG,15 Jun 2007,ENG,bowl,287,400,222,111/3,ENG,7 wickets
258468,ENG,IND,Lord's,ENG,19 Jul 2007,ENG,bat,298,201,282,282/9,draw,-
258469,ENG,IND,Nottingham,ENG,27 Jul 2007,IND,bowl,198,481,355,73/3,IND,7 wickets
258470,IND,ENG,The Oval,ENG,9 Aug 2007,IND,bat,664,345,180/6d,369/6,draw,-
296900,NZL,ENG,Lord's,ENG,15 May 2008,ENG,bowl,277,319,269/6,-,draw,-
296901,NZL,ENG,Manchester,ENG,23 May 2008,NZL,bat,381,202,114,294/4,ENG,6 wickets
296902,ENG,NZL,Nottingham,ENG,5 Jun 2008,NZL,bowl,364,123,232 (f/o),-,ENG,an innings and 9 runs
296909,ENG,RSA,Lord's,ENG,10 Jul 2008,RSA,bowl,593/8d,247,393/3d (f/o),-,draw,-
296910,ENG,RSA,Leeds,ENG,18 Jul 2008,RSA,bowl,203,522,327,9/0,RSA,10 wickets
296911,ENG,RSA,Birmingham,ENG,30 Jul 2008,ENG,bat,231,314,363,283/5,RSA,5 wickets
296912,RSA,ENG,The Oval,ENG,7 Aug 2008,RSA,bat,194,316,318,198/4,ENG,6 wickets
380712,ENG,WIN,Lord's,ENG,6 May 2009,WIN,bowl,377,152,256 (f/o),32/0,ENG,10 wickets
380713,ENG,WIN,Chester-le-Street,ENG,14 May 2009,ENG,bat,569/6d,310,176 (f/o),-,ENG,an innings and 83 runs
345970,ENG,AUS,Cardiff,ENG,8 Jul 2009,ENG,bat,435,674/6d,252/9,-,draw,-
345971,ENG,AUS,Lord's,ENG,16 Jul 2009,ENG,bat,425,215,311/6d,406,ENG,115 runs
345972,AUS,ENG,Birmingham,ENG,30 Jul 2009,AUS,bat,263,376,375/5,-,draw,-
345973,ENG,AUS,Leeds,ENG,7 Aug 2009,ENG,bat,102,445,263,-,AUS,an innings and 80 runs
345974,ENG,AUS,The Oval,ENG,20 Aug 2009,ENG,bat,332,160,373/9d,348,ENG,197 runs
426401,ENG,BAN,Lord's,ENG,27 May 2010,BAN,bowl,505,282,382 (f/o),163/2,ENG,8 wickets
426402,ENG,BAN,Manchester,ENG,4 Jun 2010,ENG,bat,419,216,123 (f/o),-,ENG,an innings and 80 runs
426394,AUS,PAK,Lord's,ENG,13 Jul 2010,PAK,bowl,253,148,334,289,AUS,150 runs
426395,AUS,PAK,Leeds,ENG,21 Jul 2010,AUS,bat,88,258,349,180/7,PAK,3 wickets
426413,ENG,PAK,Nottingham,ENG,29 Jul 2010,ENG,bat,354,182,262/9d,80,ENG,354 runs
426414,PAK,ENG,Birmingham,ENG,6 Aug 2010,PAK,bat,72,251,296,118/1,ENG,9 wickets
426415,ENG,PAK,The Oval,ENG,18 Aug 2010,ENG,bat,233,308,222,148/6,PAK,4 wickets
426416,ENG,PAK,Lord's,ENG,26 Aug 2010,PAK,bowl,446,74,147 (f/o),-,ENG,an innings and 225 runs
474463,SRL,ENG,Cardiff,ENG,26 May 2011,SRL,bat,400,496/5d,82,-,ENG,an innings and 14 runs
474464,ENG,SRL,Lord's,ENG,3 Jun 2011,SRL,bowl,486,479,335/7d,127/3,draw,-
474465,SRL,ENG,Southampton,ENG,16 Jun 2011,ENG,bowl,184,377/8d,334/5,-,draw,-
474472,ENG,IND,Lord's,ENG,21 Jul 2011,IND,bowl,474/8d,286,269/6d,261,ENG,196 runs
474473,ENG,IND,Nottingham,ENG,29 Jul 2011,IND,bowl,221,288,544,158,ENG,319 runs
474474,IND,ENG,Birmingham,ENG,10 Aug 2011,ENG,bowl,224,710/7d,244,-,ENG,an innings and 242 runs
474475,ENG,IND,The Oval,ENG,18 Aug 2011,ENG,bat,591/6d,300,283 (f/o),-,ENG,an innings and 8 runs
534205,WIN,ENG,Lord's,ENG,17 May 2012,ENG,bowl,243,398,345,193/5,ENG,5 wickets
534206,WIN,ENG,Nottingham,ENG,25 May 2012,WIN,bat,370,428,165,111/1,ENG,9 wickets
534207,WIN,ENG,Birmingham,ENG,7 Jun 2012,ENG,bowl,426,221/5,-,-,draw,-
534225,ENG,RSA,The Oval,ENG,19 Jul 2012,ENG,bat,385,637/2d,240,-,RSA,an innings and 12 runs
534226,RSA,ENG,Leeds,ENG,2 Aug 2012,ENG,bowl,419,425,258/9d,130/4,draw,-
534227,RSA,ENG,Lord's,ENG,16 Aug 2012,RSA,bat,309,315,351,294,RSA,51 runs
566921,ENG,NZL,Lord's,ENG,16 May 2013,ENG,bat,232,207,213,68,ENG,170 runs
566922,ENG,NZL,Leeds,ENG,24 May 2013,ENG,bat,354,174,287/5d,220,ENG,247 runs
566932,ENG,AUS,Nottingham,ENG,10 Jul 2013,ENG,bat,215,280,375,296,ENG,14 runs
566933,ENG,AUS,Lord's,ENG,18 Jul 2013,ENG,bat,361,128,349/7d,235,ENG,347 runs
566934,AUS,ENG,Manchester,ENG,1 Aug 2013,AUS,bat,527/7d,368,172/7d,37/3,draw,-
566935,ENG,AUS,Chester-le-Street,ENG,9 Aug 2013,ENG,bat,238,270,330,224,ENG,74 runs
566936,AUS,ENG,The Oval,ENG,21 Aug 2013,AUS,bat,492/9d,377,111/6d,206/5,draw,-
667899,ENG,SRL,Lord's,ENG,12 Jun 2014,SRL,bowl,575/9d,453,267/8d,201/9,draw,-
667901,SRL,ENG,Leeds,ENG,20 Jun 2014,ENG,bowl,257,365,457,249,SRL,100 runs
667711,IND,ENG,Nottingham,ENG,9 Jul 2014,IND,bat,457,496,391/9d,-,draw,-
667713,IND,ENG,Lord's,ENG,17 Jul 2014,ENG,bowl,295,319,342,223,IND,95 runs
667715,ENG,IND,Southampton,ENG,27 Jul 2014,ENG,bat,569/7d,330,205/4d,178,ENG,266 runs
667717,IND,ENG,Manchester,ENG,7 Aug 2014,IND,bat,152,367,161,-,ENG,an innings and 54 runs
667719,IND,ENG,The Oval,ENG,15 Aug 2014,ENG,bowl,148,486,94,-,ENG,an innings and 244 runs
743939,ENG,NZL,Lord's,ENG,21 May 2015,NZL,bowl,389,523,478,220,ENG,124 runs
743941,NZL,ENG,Leeds,ENG,29 May 2015,ENG,bowl,350,350,454/8d,255,NZL,199 runs
743963,ENG,AUS,Cardiff,ENG,8 Jul 2015,ENG,bat,430,308,289,242,ENG,169 runs
743965,AUS,ENG,Lord's,ENG,16 Jul 2015,AUS,bat,566/8d,312,254/2d,103,AUS,405 runs
743967,AUS,ENG,Birmingham,ENG,29 Jul 2015,AUS,bat,136,281,265,124/2,ENG,8 wickets
743969,AUS,ENG,Nottingham,ENG,6 Aug 2015,ENG,bowl,60,391/9d,253,-,ENG,an innings and 78 runs
743971,AUS,ENG,The Oval,ENG,20 Aug 2015,ENG,bowl,481,149,286 (f/o),-,AUS,an innings and 46 runs
913613,ENG,SRL,Leeds,ENG,19 May 2016,SRL,bowl,298,91,119 (f/o),-,ENG,an innings and 88 runs
913615,ENG,SRL,Chester-le-Street,ENG,27 May 2016,ENG,bat,498/9d,101,475 (f/o),80/1,ENG,9 wickets
913617,ENG,SRL,Lord's,ENG,9 Jun 2016,ENG,bat,416,288,233/7d,78/1,draw,-
913641,PAK,ENG,Lord's,ENG,14 Jul 2016,PAK,bat,339,272,215,207,PAK,75 runs
913643,ENG,PAK,Manchester,ENG,22 Jul 2016,ENG,bat,589/8d,198,173/1d,234,ENG,330 runs
913645,ENG,PAK,Birmingham,ENG,3 Aug 2016,PAK,bowl,297,400,445/6d,201,ENG,141 runs
913647,ENG,PAK,The Oval,ENG,11 Aug 2016,ENG,bat,328,542,253,42/0,PAK,10 wickets
1031437,ENG,RSA,Lord's,ENG,6 Jul 2017,ENG,bat,458,361,233,119,ENG,211 runs
1031439,RSA,ENG,Nottingham,ENG,14 Jul 2017,RSA,bat,335,205,343/9d,133,RSA,340 runs
1031441,ENG,RSA,The Oval,ENG,27 Jul 2017,ENG,bat,353,175,313/8d,252,ENG,239 runs
1031443,ENG,RSA,Manchester,ENG,4 Aug 2017,ENG,bat,362,226,243,202,ENG,177 runs
1031659,ENG,WIN,Birmingham,ENG,17 Aug 2017,ENG,bat,514/8d,168,137 (f/o),-,ENG,an innings and 209 runs
1031661,ENG,WIN,Leeds,ENG,25 Aug 2017,ENG,bat,258,427,490/8d,322/5,WIN,5 wickets
1031663,WIN,ENG,Lord's,ENG,7 Sep 2017,WIN,bat,123,194,177,107/1,ENG,9 wickets
1119535,ENG,PAK,Lord's,ENG,24 May 2018,ENG,bat,184,363,242,66/1,PAK,9 wickets
1119536,PAK,ENG,Leeds,ENG,1 Jun 2018,PAK,bat,174,363,134,-,ENG,an innings and 55 runs
1119549,ENG,IND,Birmingham,ENG,1 Aug 2018,ENG,bat,287,274,180,162,ENG,31 runs
1119550,IND,ENG,Lord's,ENG,9 Aug 2018,ENG,bowl,107,396/7d,130,-,ENG,an innings and 159 runs
1119551,IND,ENG,Nottingham,ENG,18 Aug 2018,ENG,bowl,329,161,352/7d,317,IND,203 runs
1119552,ENG,IND,Southampton,ENG,30 Aug 2018,ENG,bat,246,273,271,184,ENG,60 runs
1119553,ENG,IND,The Oval,ENG,7 Sep 2018,ENG,bat,332,292,423/8d,345,ENG,118 runs
1152839,ENG,IRE,Lord's,ENG,24 Jul 2019,ENG,bat,85,207,303,38,ENG,143 runs
1152846,AUS,ENG,Birmingham,ENG,1 Aug 2019,AUS,bat,284,374,487/7d,146,AUS,251 runs
1152847,ENG,AUS,Lord's,ENG,14 Aug 2019,AUS,bowl,258,250,258/5d,154/6,draw,-
1152848,AUS,ENG,Leeds,ENG,22 Aug 2019,ENG,bowl,179,67,246,362/9,ENG,1 wicket
1152849,AUS,ENG,Manchester,ENG,4 Sep 2019,AUS,bat,497/8d,301,186/6d,197,AUS,185 runs
1152850,ENG,AUS,The Oval,ENG,12 Sep 2019,AUS,bowl,294,225,329,263,ENG,135 runs
63911,WIN,AUS,Sydney,AUS,2 Jan 2001,WIN,bat,272,452,352,174/4,AUS,6 wickets
63953,AUS,NZL,Brisbane,AUS,8 Nov 2001,NZL,bowl,486/9d,287/8d,84/2d,274/6,draw,-
63954,AUS,NZL,Hobart,AUS,22 Nov 2001,NZL,bowl,558/8d,243/7,-,-,draw,-
63955,NZL,AUS,Perth,AUS,30 Nov 2001,NZL,bat,534/9d,351,256/9d,381/7,draw,-
63964,AUS,RSA,Adelaide,AUS,14 Dec 2001,AUS,bat,439,374,309/7d,128,AUS,246 runs
63965,RSA,AUS,Melbourne,AUS,26 Dec 2001,AUS,bowl,277,487,219,10/1,AUS,9 wickets
63966,AUS,RSA,Sydney,AUS,2 Jan 2002,AUS,bat,554,154,452 (f/o),54/0,AUS,10 wickets
64009,AUS,ENG,Brisbane,AUS,7 Nov 2002,ENG,bowl,492,325,296/5d,79,AUS,384 runs
64010,ENG,AUS,Adelaide,AUS,21 Nov 2002,ENG,bat,342,552/9d,159,-,AUS,an innings and 51 runs
64011,ENG,AUS,Perth,AUS,29 Nov 2002,ENG,bat,185,456,223,-,AUS,an innings and 48 runs
64012,AUS,ENG,Melbourne,AUS,26 Dec 2002,AUS,bat,551/6d,270,387 (f/o),107/5,AUS,5 wickets
64013,ENG,AUS,Sydney,AUS,2 Jan 2003,ENG,bat,362,363,452/9d,226,ENG,225 runs
64036,BAN,AUS,Darwin,AUS,18 Jul 2003,AUS,bowl,97,407/7d,178,-,AUS,an innings and 132 runs
64037,BAN,AUS,Cairns,AUS,25 Jul 2003,AUS,bowl,295,556/4d,163,-,AUS,an innings and 98 runs
64048,AUS,ZIM,Perth,AUS,9 Oct 2003,ZIM,bowl,735/6d,239,321 (f/o),-,AUS,an innings and 175 runs
64049,ZIM,AUS,Sydney,AUS,17 Oct 2003,ZIM,bat,308,403,266,172/1,AUS,9 wickets
64059,AUS,IND,Brisbane,AUS,4 Dec 2003,IND,bowl,323,409,284/3d,73/2,draw,-
64060,AUS,IND,Adelaide,AUS,12 Dec 2003,AUS,bat,556,523,196,233/6,IND,4 wickets
64061,IND,AUS,Melbourne,AUS,26 Dec 2003,IND,bat,366,558,286,97/1,AUS,9 wickets
64062,IND,AUS,Sydney,AUS,2 Jan 2004,IND,bat,705/7d,474,211/2d,357/6,draw,-
64091,AUS,SRL,Darwin,AUS,1 Jul 2004,SRL,bowl,207,97,201,162,AUS,149 runs
64092,AUS,SRL,Cairns,AUS,9 Jul 2004,SRL,bowl,517,455,292/9d,183/8,draw,-
64107,NZL,AUS,Brisbane,AUS,18 Nov 2004,NZL,bat,353,585,76,-,AUS,an innings and 156 runs
64108,AUS,NZL,Adelaide,AUS,26 Nov 2004,AUS,bat,575/8d,251,139/2d,250,AUS,213 runs
64113,AUS,PAK,Perth,AUS,16 Dec 2004,PAK,bowl,381,179,361/5d,72,AUS,491 runs
64114,PAK,AUS,Melbourne,AUS,26 Dec 2004,PAK,bat,341,379,163,127/1,AUS,9 wickets
64115,PAK,AUS,Sydney,AUS,2 Jan 2005,PAK,bat,304,568,325,62/1,AUS,9 wickets
221840,AUS,ICC,Sydney,AUS,14 Oct 2005,AUS,bat,345,190,199,144,AUS,210 runs
223889,AUS,WIN,Brisbane,AUS,3 Nov 2005,WIN,bowl,435,210,283/2d,129,AUS,379 runs
226120,WIN,AUS,Hobart,AUS,17 Nov 2005,WIN,bat,149,406,334,78/1,AUS,9 wickets
226348,WIN,AUS,Adelaide,AUS,25 Nov 2005,WIN,bat,405,428,204,182/3,AUS,7 wickets
226371,AUS,RSA,Perth,AUS,16 Dec 2005,AUS,bat,258,296,528/8d,287/5,draw,-
226372,AUS,RSA,Melbourne,AUS,26 Dec 2005,AUS,bat,355,311,321/7d,181,AUS,184 runs
226373,RSA,AUS,Sydney,AUS,2 Jan 2006,RSA,bat,451/9d,359,194/6d,288/2,AUS,8 wickets
249222,AUS,ENG,Brisbane,AUS,23 Nov 2006,AUS,bat,602/9d,157,202/1d,370,AUS,277 runs
249223,ENG,AUS,Adelaide,AUS,1 Dec 2006,ENG,bat,551/6d,513,129,168/4,AUS,6 wickets
249224,AUS,ENG,Perth,AUS,14 Dec 2006,AUS,bat,244,215,527/5d,350,AUS,206 runs
249225,ENG,AUS,Melbourne,AUS,26 Dec 2006,ENG,bat,159,419,161,-,AUS,an innings and 99 runs
249226,ENG,AUS,Sydney,AUS,2 Jan 2007,ENG,bat,291,393,147,46/0,AUS,10 wickets
291338,AUS,SRL,Brisbane,AUS,8 Nov 2007,SRL,bowl,551/4d,211,300 (f/o),-,AUS,an innings and 40 runs
291339,AUS,SRL,Hobart,AUS,16 Nov 2007,AUS,bat,542/5d,246,210/2d,410,AUS,96 runs
291351,AUS,IND,Melbourne,AUS,26 Dec 2007,AUS,bat,343,196,351/7d,161,AUS,337 runs
291352,AUS,IND,Sydney,AUS,2 Jan 2008,AUS,bat,463,532,401/7d,210,AUS,122 runs
291353,IND,AUS,Perth,AUS,16 Jan 2008,IND,bat,330,212,294,340,IND,72 runs
291354,IND,AUS,Adelaide,AUS,24 Jan 2008,IND,bat,526,563,269/7d,-,draw,-
351679,AUS,NZL,Brisbane,AUS,20 Nov 2008,NZL,bowl,214,156,268,177,AUS,149 runs
351680,NZL,AUS,Adelaide,AUS,28 Nov 2008,NZL,bat,270,535,203,-,AUS,an innings and 62 runs
351681,AUS,RSA,Perth,AUS,17 Dec 2008,AUS,bat,375,281,319,414/4,RSA,6 wickets
351682,AUS,RSA,Melbourne,AUS,26 Dec 2008,AUS,bat,394,459,247,183/1,RSA,9 wickets
351683,AUS,RSA,Sydney,AUS,3 Jan 2009,AUS,bat,445,327,257/4d,272,AUS,103 runs
406189,AUS,WIN,Brisbane,AUS,26 Nov 2009,AUS,bat,480/8d,228,187 (f/o),-,AUS,an innings and 65 runs
406190,WIN,AUS,Adelaide,AUS,4 Dec 2009,WIN,bat,451,439,317,212/5,draw,-
406191,AUS,WIN,Perth,AUS,16 Dec 2009,AUS,bat,520/7d,312,150,323,AUS,35 runs
406199,AUS,PAK,Melbourne,AUS,26 Dec 2009,AUS,bat,454/5d,258,225/8d,251,AUS,170 runs
406200,AUS,PAK,Sydney,AUS,3 Jan 2010,AUS,bat,127,333,381,139,AUS,36 runs
406201,AUS,PAK,Hobart,AUS,14 Jan 2010,AUS,bat,519/8d,301,219/5d,206,AUS,231 runs
428749,ENG,AUS,Brisbane,AUS,25 Nov 2010,ENG,bat,260,481,517/1d,107/1,draw,-
428750,AUS,ENG,Adelaide,AUS,3 Dec 2010,AUS,bat,245,620/5d,304,-,ENG,an innings and 71 runs
428751,AUS,ENG,Perth,AUS,16 Dec 2010,ENG,bowl,268,187,309,123,AUS,267 runs
428752,AUS,ENG,Melbourne,AUS,26 Dec 2010,ENG,bowl,98,513,258,-,ENG,an innings and 157 runs
428753,AUS,ENG,Sydney,AUS,3 Jan 2011,AUS,bat,280,644,281,-,ENG,an innings and 83 runs
518947,NZL,AUS,Brisbane,AUS,1 Dec 2011,NZL,bat,295,427,150,19/1,AUS,9 wickets
518948,NZL,AUS,Hobart,AUS,9 Dec 2011,AUS,bowl,150,136,226,233,NZL,7 runs
518950,AUS,IND,Melbourne,AUS,26 Dec 2011,AUS,bat,333,282,240,169,AUS,122 runs
518951,IND,AUS,Sydney,AUS,3 Jan 2012,IND,bat,191,659/4d,400,-,AUS,an innings and 68 runs
518952,IND,AUS,Perth,AUS,13 Jan 2012,AUS,bowl,161,369,171,-,AUS,an innings and 37 runs
518953,AUS,IND,Adelaide,AUS,24 Jan 2012,AUS,bat,604/7d,272,167/5d,201,AUS,298 runs
573007,RSA,AUS,Brisbane,AUS,9 Nov 2012,RSA,bat,450,565/5d,166/5,-,draw,-
573008,AUS,RSA,Adelaide,AUS,22 Nov 2012,AUS,bat,550,388,267/8d,248/8,draw,-
573009,RSA,AUS,Perth,AUS,30 Nov 2012,RSA,bat,225,163,569,322,RSA,309 runs
573011,AUS,SRL,Hobart,AUS,14 Dec 2012,AUS,bat,450/5d,336,278,255,AUS,137 runs
573012,SRL,AUS,Melbourne,AUS,26 Dec 2012,SRL,bat,156,460,103,-,AUS,an innings and 201 runs
573013,SRL,AUS,Sydney,AUS,3 Jan 2013,AUS,bowl,294,432/9d,278,141/5,AUS,5 wickets
592397,AUS,ENG,Brisbane,AUS,21 Nov 2013,AUS,bat,295,136,401/7d,179,AUS,381 runs
592398,AUS,ENG,Adelaide,AUS,5 Dec 2013,AUS,bat,570/9d,172,132/3d,312,AUS,218 runs
592399,AUS,ENG,Perth,AUS,13 Dec 2013,AUS,bat,385,251,369/6d,353,AUS,150 runs
592400,ENG,AUS,Melbourne,AUS,26 Dec 2013,AUS,bowl,255,204,179,231/2,AUS,8 wickets
592401,AUS,ENG,Sydney,AUS,3 Jan 2014,ENG,bowl,326,155,276,166,AUS,281 runs
754737,AUS,IND,Adelaide,AUS,9 Dec 2014,AUS,bat,517/7d,444,290/5d,315,AUS,48 runs
754739,IND,AUS,Brisbane,AUS,17 Dec 2014,IND,bat,408,505,224,130/6,AUS,4 wickets
754741,AUS,IND,Melbourne,AUS,26 Dec 2014,AUS,bat,530,465,318/9d,174/6,draw,-
754743,AUS,IND,Sydney,AUS,6 Jan 2015,AUS,bat,572/7d,475,251/6d,252/7,draw,-
892509,AUS,NZL,Brisbane,AUS,5 Nov 2015,AUS,bat,556/4d,317,264/4d,295,AUS,208 runs
892511,AUS,NZL,Perth,AUS,13 Nov 2015,AUS,bat,559/9d,624,385/7d,104/2,draw,-
892513,NZL,AUS,Adelaide,AUS,27 Nov 2015,NZL,bat,202,224,208,187/7,AUS,3 wickets
892515,AUS,WIN,Hobart,AUS,10 Dec 2015,AUS,bat,583/4d,223,148 (f/o),-,AUS,an innings and 212 runs
892517,AUS,WIN,Melbourne,AUS,26 Dec 2015,WIN,bowl,551/3d,271,179/3d,282,AUS,177 runs
892519,WIN,AUS,Sydney,AUS,3 Jan 2016,WIN,bat,330,176/2d,-,-,draw,-
1000851,RSA,AUS,Perth,AUS,3 Nov 2016,RSA,bat,242,244,540/8d,361,RSA,177 runs
1000853,AUS,RSA,Hobart,AUS,12 Nov 2016,RSA,bowl,85,326,161,-,RSA,an innings and 80 runs
1000855,RSA,AUS,Adelaide,AUS,24 Nov 2016,RSA,bat,259/9d,383,250,127/3,AUS,7 wickets
1000881,AUS,PAK,Brisbane,AUS,15 Dec 2016,AUS,bat,429,142,202/5d,450,AUS,39 runs
1000883,PAK,AUS,Melbourne,AUS,26 Dec 2016,PAK,bat,443/9d,624/8d,163,-,AUS,an innings and 18 runs
1000885,AUS,PAK,Sydney,AUS,3 Jan 2017,AUS,bat,538/8d,315,241/2d,244,AUS,220 runs
1072305,ENG,AUS,Brisbane,AUS,23 Nov 2017,ENG,bat,302,328,195,173/0,AUS,10 wickets
1072306,AUS,ENG,Adelaide,AUS,2 Dec 2017,ENG,bowl,442/8d,227,138,233,AUS,120 runs
1072307,ENG,AUS,Perth,AUS,14 Dec 2017,ENG,bat,403,662/9d,218,-,AUS,an innings and 41 runs
1072308,AUS,ENG,Melbourne,AUS,26 Dec 2017,AUS,bat,327,491,263/4d,-,draw,-
1072309,ENG,AUS,Sydney,AUS,4 Jan 2018,ENG,bat,346,649/7d,180,-,AUS,an innings and 123 runs
1144993,IND,AUS,Adelaide,AUS,6 Dec 2018,IND,bat,250,235,307,291,IND,31 runs
1144994,AUS,IND,Perth,AUS,14 Dec 2018,AUS,bat,326,283,243,140,AUS,146 runs
1144995,IND,AUS,Melbourne,AUS,26 Dec 2018,IND,bat,443/7d,151,106/8d,261,IND,137 runs
1144996,IND,AUS,Sydney,AUS,3 Jan 2019,IND,bat,622/7d,300,6/0 (f/o),-,draw,-
1145000,SRL,AUS,Brisbane,AUS,24 Jan 2019,SRL,bat,144,323,139,-,AUS,an innings and 40 runs
1145001,AUS,SRL,Canberra,AUS,1 Feb 2019,AUS,bat,534/5d,215,196/3d,149,AUS,366 runs
1183530,PAK,AUS,Brisbane,AUS,21 Nov 2019,PAK,bat,240,580,335,-,AUS,an innings and 5 runs
1183531,AUS,PAK,Adelaide,AUS,29 Nov 2019,AUS,bat,589/3d,302,239 (f/o),-,AUS,an innings and 48 runs
1183532,AUS,NZL,Perth,AUS,12 Dec 2019,AUS,bat,416,166,217/9d,171,AUS,296 runs
1183533,AUS,NZL,Melbourne,AUS,26 Dec 2019,NZL,bowl,467,148,168/5d,240,AUS,247 runs
1183534,AUS,NZL,Sydney,AUS,3 Jan 2020,AUS,bat,454,256,217/2d,136,AUS,279 runs
63914,SRL,RSA,Cape Town,RSA,2 Jan 2001,SRL,bat,95,504/7d,180,-,RSA,an innings and 229 runs
63915,RSA,SRL,Centurion,RSA,20 Jan 2001,SRL,bowl,378,119,252 (f/o),-,RSA,an innings and 7 runs
63951,IND,RSA,Bloemfontein,RSA,3 Nov 2001,RSA,bowl,379,563,237,54/1,RSA,9 wickets
63952,RSA,IND,Port Elizabeth,RSA,16 Nov 2001,IND,bowl,362,201,233/5d,206/3,draw,-
63978,AUS,RSA,Johannesburg,RSA,22 Feb 2002,AUS,bat,652/7d,159,133 (f/o),-,AUS,an innings and 360 runs
63979,RSA,AUS,Cape Town,RSA,8 Mar 2002,RSA,bat,239,382,473,334/6,AUS,4 wickets
63980,AUS,RSA,Durban,RSA,15 Mar 2002,RSA,bowl,315,167,186,340/5,RSA,5 wickets
64007,RSA,BAN,East London,RSA,18 Oct 2002,BAN,bowl,529/4d,170,252 (f/o),-,RSA,an innings and 107 runs
64008,BAN,RSA,Potchefstroom,RSA,25 Oct 2002,BAN,bat,215,482/5d,107,-,RSA,an innings and 160 runs
64014,SRL,RSA,Johannesburg,RSA,8 Nov 2002,SRL,bat,192,386,130,-,RSA,an innings and 64 runs
64015,SRL,RSA,Centurion,RSA,15 Nov 2002,RSA,bowl,323,448,245,124/7,RSA,3 wickets
64022,RSA,PAK,Durban,RSA,26 Dec 2002,PAK,bowl,368,161,250 (f/o),45/0,RSA,10 wickets
64023,RSA,PAK,Cape Town,RSA,2 Jan 2003,RSA,bat,620/7d,252,226 (f/o),-,RSA,an innings and 142 runs
64063,RSA,WIN,Johannesburg,RSA,12 Dec 2003,RSA,bat,561,410,226/6d,188,RSA,189 runs
64064,WIN,RSA,Durban,RSA,26 Dec 2003,RSA,bowl,264,658/9d,329,-,RSA,an innings and 65 runs
64065,RSA,WIN,Cape Town,RSA,2 Jan 2004,RSA,bat,532,427,335/3d,354/5,draw,-
64066,RSA,WIN,Centurion,RSA,16 Jan 2004,WIN,bowl,604/6d,301,348 (f/o),46/0,RSA,10 wickets
64116,RSA,ENG,Port Elizabeth,RSA,17 Dec 2004,RSA,bat,337,425,229,145/3,ENG,7 wickets
64117,ENG,RSA,Durban,RSA,26 Dec 2004,RSA,bowl,139,332,570/7d,290/8,draw,-
64118,RSA,ENG,Cape Town,RSA,2 Jan 2005,RSA,bat,441,163,222/8d,304,RSA,196 runs
64119,ENG,RSA,Johannesburg,RSA,13 Jan 2005,ENG,bat,411/8d,419,332/9d,247,ENG,77 runs
64120,RSA,ENG,Centurion,RSA,21 Jan 2005,ENG,bowl,247,359,296/6d,73/4,draw,-
64123,ZIM,RSA,Cape Town,RSA,4 Mar 2005,ZIM,bat,54,340/3d,265,-,RSA,an innings and 21 runs
64124,ZIM,RSA,Centurion,RSA,11 Mar 2005,RSA,bowl,269,480/7d,149,-,RSA,an innings and 62 runs
238201,RSA,AUS,Cape Town,RSA,16 Mar 2006,RSA,bat,205,308,197,95/3,AUS,7 wickets
238202,AUS,RSA,Durban,RSA,24 Mar 2006,AUS,bat,369,267,307/4d,297,AUS,112 runs
238203,RSA,AUS,Johannesburg,RSA,31 Mar 2006,RSA,bat,303,270,258,294/8,AUS,2 wickets
238205,RSA,NZL,Centurion,RSA,15 Apr 2006,RSA,bat,276,327,299,120,RSA,128 runs
238206,NZL,RSA,Cape Town,RSA,27 Apr 2006,RSA,bowl,593/8d,512,121/3,-,draw,-
238207,NZL,RSA,Johannesburg,RSA,5 May 2006,RSA,bowl,119,186,283,220/6,RSA,4 wickets
249215,IND,RSA,Johannesburg,RSA,15 Dec 2006,IND,bat,249,84,236,278,IND,123 runs
249216,RSA,IND,Durban,RSA,26 Dec 2006,RSA,bat,328,240,265/8d,179,RSA,174 runs
249217,IND,RSA,Cape Town,RSA,2 Jan 2007,IND,bat,414,373,169,211/5,RSA,5 wickets
250665,PAK,RSA,Centurion,RSA,11 Jan 2007,PAK,bat,313,417,302,199/3,RSA,7 wickets
250666,RSA,PAK,Port Elizabeth,RSA,19 Jan 2007,RSA,bat,124,265,331,191/5,PAK,5 wickets
250667,PAK,RSA,Cape Town,RSA,26 Jan 2007,RSA,bowl,157,183,186,161/5,RSA,5 wickets
298793,RSA,NZL,Johannesburg,RSA,8 Nov 2007,RSA,bat,226,118,422/3d,172,RSA,358 runs
298794,NZL,RSA,Centurion,RSA,16 Nov 2007,NZL,bat,188,383,136,-,RSA,an innings and 59 runs
298801,WIN,RSA,Port Elizabeth,RSA,26 Dec 2007,RSA,bowl,408,195,175,260,WIN,128 runs
298802,WIN,RSA,Cape Town,RSA,2 Jan 2008,WIN,bat,243,321,262,186/3,RSA,7 wickets
298803,WIN,RSA,Durban,RSA,10 Jan 2008,RSA,bowl,139,556/4d,317,-,RSA,an innings and 100 runs
350345,RSA,BAN,Bloemfontein,RSA,19 Nov 2008,BAN,bowl,441,153,159 (f/o),-,RSA,an innings and 129 runs
350346,BAN,RSA,Centurion,RSA,26 Nov 2008,BAN,bat,250,429,131,-,RSA,an innings and 48 runs
350472,AUS,RSA,Johannesburg,RSA,26 Feb 2009,AUS,bat,466,220,207,291,AUS,162 runs
350473,AUS,RSA,Durban,RSA,6 Mar 2009,AUS,bat,352,138,331/5d,370,AUS,175 runs
350474,AUS,RSA,Cape Town,RSA,19 Mar 2009,AUS,bat,209,651,422,-,RSA,an innings and 20 runs
387570,RSA,ENG,Centurion,RSA,16 Dec 2009,ENG,bowl,418,356,301/7d,228/9,draw,-
387571,RSA,ENG,Durban,RSA,26 Dec 2009,RSA,bat,343,574/9d,133,-,ENG,an innings and 98 runs
387572,RSA,ENG,Cape Town,RSA,3 Jan 2010,ENG,bowl,291,273,447/7d,296/9,draw,-
387573,ENG,RSA,Johannesburg,RSA,14 Jan 2010,ENG,bat,180,423/7d,169,-,RSA,an innings and 74 runs
463146,IND,RSA,Centurion,RSA,16 Dec 2010,RSA,bowl,136,620/4d,459,-,RSA,an innings and 25 runs
463147,IND,RSA,Durban,RSA,26 Dec 2010,RSA,bowl,205,131,228,215,IND,87 runs
463148,RSA,IND,Cape Town,RSA,2 Jan 2011,IND,bowl,362,364,341,166/3,draw,-
514029,AUS,RSA,Cape Town,RSA,9 Nov 2011,RSA,bowl,284,96,47,236/2,RSA,8 wickets
514030,RSA,AUS,Johannesburg,RSA,17 Nov 2011,RSA,bat,266,296,339,310/8,AUS,2 wickets
514032,SRL,RSA,Centurion,RSA,15 Dec 2011,RSA,bowl,180,411,150,-,RSA,an innings and 81 runs
514033,SRL,RSA,Durban,RSA,26 Dec 2011,SRL,bat,338,168,279,241,SRL,208 runs
514034,RSA,SRL,Cape Town,RSA,3 Jan 2012,SRL,bowl,580/4d,239,342 (f/o),2/0,RSA,10 wickets
567356,NZL,RSA,Cape Town,RSA,2 Jan 2013,NZL,bat,45,347/8d,275,-,RSA,an innings and 27 runs
567357,RSA,NZL,Port Elizabeth,RSA,11 Jan 2013,RSA,bat,525/8d,121,211 (f/o),-,RSA,an innings and 193 runs
567363,RSA,PAK,Johannesburg,RSA,1 Feb 2013,RSA,bat,253,49,275/3d,268,RSA,211 runs
567364,PAK,RSA,Cape Town,RSA,14 Feb 2013,RSA,bowl,338,326,169,182/6,RSA,4 wickets
567365,RSA,PAK,Centurion,RSA,22 Feb 2013,RSA,bat,409,156,235 (f/o),-,RSA,an innings and 18 runs
648665,IND,RSA,Johannesburg,RSA,18 Dec 2013,IND,bat,280,244,421,450/7,draw,-
648667,IND,RSA,Durban,RSA,26 Dec 2013,IND,bat,334,500,223,59/0,RSA,10 wickets
648673,AUS,RSA,Centurion,RSA,12 Feb 2014,RSA,bowl,397,206,290/4d,200,AUS,281 runs
648675,RSA,AUS,Port Elizabeth,RSA,20 Feb 2014,RSA,bat,423,246,270/5d,216,RSA,231 runs
648677,AUS,RSA,Cape Town,RSA,1 Mar 2014,AUS,bat,494/7d,287,303/5d,265,AUS,245 runs
722329,RSA,WIN,Centurion,RSA,17 Dec 2014,WIN,bowl,552/5d,201,131 (f/o),-,RSA,an innings and 220 runs
722331,RSA,WIN,Port Elizabeth,RSA,26 Dec 2014,WIN,bowl,417/8d,275/9,-,-,draw,-
722333,WIN,RSA,Cape Town,RSA,2 Jan 2015,WIN,bat,329,421,215,124/2,RSA,8 wickets
800461,ENG,RSA,Durban,RSA,26 Dec 2015,RSA,bowl,303,214,326,174,ENG,241 runs
800463,ENG,RSA,Cape Town,RSA,2 Jan 2016,ENG,bat,629/6d,627/7d,159/6,-,draw,-
800465,RSA,ENG,Johannesburg,RSA,14 Jan 2016,RSA,bat,313,323,83,74/3,ENG,7 wickets
800467,RSA,ENG,Centurion,RSA,22 Jan 2016,RSA,bat,475,342,248/5d,101,RSA,280 runs
936127,RSA,NZL,Durban,RSA,19 Aug 2016,RSA,bat,263,15/2,-,-,draw,-
936129,RSA,NZL,Centurion,RSA,27 Aug 2016,NZL,bowl,481/8d,214,132/7d,195,RSA,204 runs
936147,RSA,SRL,Port Elizabeth,RSA,26 Dec 2016,RSA,bat,286,205,406/6d,281,RSA,206 runs
936149,RSA,SRL,Cape Town,RSA,2 Jan 2017,SRL,bowl,392,110,224/7d,224,RSA,282 runs
936151,RSA,SRL,Johannesburg,RSA,12 Jan 2017,RSA,bat,426,131,177 (f/o),-,RSA,an innings and 118 runs
1075502,RSA,BAN,Potchefstroom,RSA,28 Sep 2017,BAN,bowl,496/3d,320,247/6d,90,RSA,333 runs
1075503,RSA,BAN,Bloemfontein,RSA,6 Oct 2017,BAN,bowl,573/4d,147,172 (f/o),-,RSA,an innings and 254 runs
1122310,RSA,ZIM,Port Elizabeth,RSA,26 Dec 2017,RSA,bat,309/9d,68,121 (f/o),-,RSA,an innings and 120 runs
1122276,RSA,IND,Cape Town,RSA,5 Jan 2018,RSA,bat,286,209,130,135,RSA,72 runs
1122277,RSA,IND,Centurion,RSA,13 Jan 2018,RSA,bat,335,307,258,151,RSA,135 runs
1122278,IND,RSA,Johannesburg,RSA,24 Jan 2018,IND,bat,187,194,247,177,IND,63 runs
1075982,AUS,RSA,Durban,RSA,1 Mar 2018,AUS,bat,351,162,227,298,AUS,118 runs
1075983,AUS,RSA,Port Elizabeth,RSA,9 Mar 2018,AUS,bat,243,382,239,102/4,RSA,6 wickets
1075984,RSA,AUS,Cape Town,RSA,22 Mar 2018,RSA,bat,311,255,373,107,RSA,322 runs
1075985,RSA,AUS,Johannesburg,RSA,30 Mar 2018,RSA,bat,488,221,344/6d,119,RSA,492 runs
1144153,PAK,RSA,Centurion,RSA,26 Dec 2018,PAK,bat,181,223,190,151/4,RSA,6 wickets
1144154,PAK,RSA,Cape Town,RSA,3 Jan 2019,RSA,bowl,177,431,294,43/1,RSA,9 wickets
1144155,RSA,PAK,Johannesburg,RSA,11 Jan 2019,RSA,bat,262,185,303,273,RSA,107 runs
1144164,RSA,SRL,Durban,RSA,13 Feb 2019,SRL,bowl,235,191,259,304/9,SRL,1 wicket
1144165,RSA,SRL,Port Elizabeth,RSA,21 Feb 2019,RSA,bat,222,154,128,197/2,SRL,8 wickets
1185304,RSA,ENG,Centurion,RSA,26 Dec 2019,ENG,bowl,284,181,272,268,RSA,107 runs
1185305,ENG,RSA,Cape Town,RSA,3 Jan 2020,ENG,bat,269,223,391/8d,248,ENG,189 runs
1185306,ENG,RSA,Port Elizabeth,RSA,16 Jan 2020,ENG,bat,499/9d,209,237 (f/o),-,ENG,an innings and 53 runs
1185307,ENG,RSA,Johannesburg,RSA,24 Jan 2020,ENG,bat,400,183,248,274,ENG,191 runs
63925,WIN,RSA,Georgetown,WIN,9 Mar 2001,WIN,bat,304,332,333/7d,142/2,draw,-
63926,RSA,WIN,Port of Spain,WIN,17 Mar 2001,RSA,bat,286,342,287,162,RSA,69 runs
63927,RSA,WIN,Bridgetown,WIN,29 Mar 2001,WIN,bowl,454,387,197/9d,88/7,draw,-
63928,RSA,WIN,St John's,WIN,6 Apr 2001,WIN,bowl,247,140,215/7d,240,RSA,82 runs
63929,WIN,RSA,Kingston,WIN,19 Apr 2001,WIN,bat,225,141,301,255,WIN,130 runs
63984,WIN,IND,Georgetown,WIN,11 Apr 2002,WIN,bat,501,395/7,-,-,draw,-
63985,IND,WIN,Port of Spain,WIN,19 Apr 2002,WIN,bowl,339,245,218,275,IND,37 runs
63986,IND,WIN,Bridgetown,WIN,2 May 2002,WIN,bowl,102,394,296,5/0,WIN,10 wickets
63987,IND,WIN,St John's,WIN,10 May 2002,WIN,bowl,513/9d,629/9d,-,-,draw,-
63988,WIN,IND,Kingston,WIN,18 May 2002,IND,bowl,422,212,197,252,WIN,155 runs
63993,NZL,WIN,Bridgetown,WIN,21 Jun 2002,WIN,bowl,337,107,243,269,NZL,204 runs
63994,NZL,WIN,St George's,WIN,28 Jun 2002,WIN,bowl,373,470,256/5,-,draw,-
64024,WIN,AUS,Georgetown,WIN,10 Apr 2003,WIN,bat,237,489,398,147/1,AUS,9 wickets
64025,AUS,WIN,Port of Spain,WIN,19 Apr 2003,AUS,bat,576/4d,408,238/3d,288,AUS,118 runs
64026,AUS,WIN,Bridgetown,WIN,1 May 2003,WIN,bowl,605/9d,328,284 (f/o),8/1,AUS,9 wickets
64027,AUS,WIN,St John's,WIN,9 May 2003,AUS,bat,240,240,417,418/7,WIN,3 wickets
64034,SRL,WIN,Gros Islet,WIN,20 Jun 2003,SRL,bat,354,477/9d,126/0,-,draw,-
64035,SRL,WIN,Kingston,WIN,27 Jun 2003,WIN,bowl,208,191,194,212/3,WIN,7 wickets
64077,WIN,ENG,Kingston,WIN,11 Mar 2004,WIN,bat,311,339,47,20/0,ENG,10 wickets
64078,WIN,ENG,Port of Spain,WIN,19 Mar 2004,WIN,bat,208,319,209,99/3,ENG,7 wickets
64079,WIN,ENG,Bridgetown,WIN,1 Apr 2004,ENG,bowl,224,226,94,93/2,ENG,8 wickets
64080,WIN,ENG,St John's,WIN,10 Apr 2004,WIN,bat,751/5d,285,422/5 (f/o),-,draw,-
64089,BAN,WIN,Gros Islet,WIN,28 May 2004,BAN,bat,416,352,271/9d,113/0,draw,-
64090,BAN,WIN,Kingston,WIN,4 Jun 2004,BAN,bat,284,559/4d,176,-,WIN,an innings and 99 runs
64131,WIN,RSA,Georgetown,WIN,31 Mar 2005,WIN,bat,543/5d,188,269/4 (f/o),-,draw,-
64132,WIN,RSA,Port of Spain,WIN,8 Apr 2005,WIN,bat,347,398,194,146/2,RSA,8 wickets
207334,WIN,RSA,Bridgetown,WIN,21 Apr 2005,WIN,bat,296,548/9d,166,-,RSA,an innings and 86 runs
208321,RSA,WIN,St John's,WIN,29 Apr 2005,RSA,bat,588/6d,747,127/1,-,draw,-
209930,WIN,PAK,Bridgetown,WIN,26 May 2005,WIN,bat,345,144,371,296,WIN,276 runs
210368,PAK,WIN,Kingston,WIN,3 Jun 2005,PAK,bat,374,404,309,143,PAK,136 runs
239920,IND,WIN,St John's,WIN,2 Jun 2006,IND,bat,241,371,521/6d,298/9,draw,-
239921,IND,WIN,Gros Islet,WIN,10 Jun 2006,IND,bat,588/8d,215,294/7 (f/o),-,draw,-
239922,WIN,IND,Basseterre,WIN,22 Jun 2006,WIN,bat,581,362,172/6d,298/4,draw,-
239923,IND,WIN,Kingston,WIN,30 Jun 2006,IND,bat,200,103,171,219,IND,49 runs
319132,SRL,WIN,Providence,WIN,22 Mar 2008,SRL,bat,476/8d,280,240/7d,315,SRL,121 runs
319133,SRL,WIN,Port of Spain,WIN,3 Apr 2008,WIN,bowl,278,294,268,254/4,WIN,6 wickets
319139,AUS,WIN,Kingston,WIN,22 May 2008,AUS,bat,431,312,167,191,AUS,95 runs
319140,AUS,WIN,North Sound,WIN,30 May 2008,AUS,bat,479/7d,352,244/6d,266/5,draw,-
319141,AUS,WIN,Bridgetown,WIN,12 Jun 2008,WIN,bowl,251,216,439/5d,387,AUS,87 runs
352661,ENG,WIN,Kingston,WIN,4 Feb 2009,ENG,bat,318,392,51,-,WIN,an innings and 23 runs
390680,ENG,WIN,St John's,WIN,15 Feb 2009,WIN,bowl,566/9d,285,221/8d,370/9,draw,-
352663,ENG,WIN,Bridgetown,WIN,26 Feb 2009,ENG,bat,600/6d,749/9d,279/2d,-,draw,-
352664,ENG,WIN,Port of Spain,WIN,6 Mar 2009,ENG,bat,546/6d,544,237/6d,114/8,draw,-
401071,BAN,WIN,Kingstown,WIN,9 Jul 2009,BAN,bat,238,307,345,181,BAN,95 runs
401072,WIN,BAN,St George's,WIN,17 Jul 2009,BAN,bowl,237,232,209,217/6,BAN,4 wickets
439152,RSA,WIN,Port of Spain,WIN,10 Jun 2010,RSA,bat,352,102,206/4d,293,RSA,163 runs
439153,RSA,WIN,Basseterre,WIN,18 Jun 2010,RSA,bat,543/6d,546,235/3d,-,draw,-
439154,WIN,RSA,Bridgetown,WIN,26 Jun 2010,WIN,bat,231,346,161,49/3,RSA,7 wickets
489218,WIN,PAK,Providence,WIN,12 May 2011,WIN,bat,226,160,152,178,WIN,40 runs
489219,PAK,WIN,Basseterre,WIN,20 May 2011,PAK,bat,272,223,377/6d,230,PAK,196 runs
489226,IND,WIN,Kingston,WIN,20 Jun 2011,IND,bat,246,173,252,262,IND,63 runs
489227,IND,WIN,Bridgetown,WIN,28 Jun 2011,WIN,bowl,201,190,269/6d,202/7,draw,-
489228,WIN,IND,Roseau,WIN,6 Jul 2011,IND,bowl,204,347,322,94/3,draw,-
540176,WIN,AUS,Bridgetown,WIN,7 Apr 2012,WIN,bat,449/9d,406/9d,148,192/7,AUS,3 wickets
540177,AUS,WIN,Port of Spain,WIN,15 Apr 2012,AUS,bat,311,257,160/8d,53/2,draw,-
540178,AUS,WIN,Roseau,WIN,23 Apr 2012,AUS,bat,328,218,259,294,AUS,75 runs
560929,NZL,WIN,North Sound,WIN,25 Jul 2012,NZL,bat,351,522,272,102/1,WIN,9 wickets
560930,NZL,WIN,Kingston,WIN,2 Aug 2012,WIN,bowl,260,209,154,206/5,WIN,5 wickets
593988,ZIM,WIN,Bridgetown,WIN,12 Mar 2013,ZIM,bat,211,307,107,12/1,WIN,9 wickets
593989,ZIM,WIN,Roseau,WIN,20 Mar 2013,WIN,bowl,175,381/8d,141,-,WIN,an innings and 65 runs
730277,NZL,WIN,Kingston,WIN,8 Jun 2014,NZL,bat,508/7d,262,156/8d,216,NZL,186 runs
730279,NZL,WIN,Port of Spain,WIN,16 Jun 2014,NZL,bat,221,460,331,95/0,WIN,10 wickets
730281,NZL,WIN,Bridgetown,WIN,26 Jun 2014,NZL,bat,293,317,331/7d,254,NZL,53 runs
730295,WIN,BAN,Kingstown,WIN,5 Sep 2014,BAN,bowl,484/7d,182,314 (f/o),13/0,WIN,10 wickets
730297,WIN,BAN,Gros Islet,WIN,13 Sep 2014,BAN,bowl,380,161,269/4d,192,WIN,296 runs
766929,ENG,WIN,North Sound,WIN,13 Apr 2015,WIN,bowl,399,295,333/7d,350/7,draw,-
766931,WIN,ENG,St George's,WIN,21 Apr 2015,ENG,bowl,299,464,307,144/1,ENG,9 wickets
766933,ENG,WIN,Bridgetown,WIN,1 May 2015,ENG,bat,257,189,123,194/5,WIN,5 wickets
810423,WIN,AUS,Roseau,WIN,3 Jun 2015,WIN,bat,148,318,216,47/1,AUS,9 wickets
810425,AUS,WIN,Kingston,WIN,11 Jun 2015,WIN,bowl,399,220,212/2d,114,AUS,277 runs
1022593,IND,WIN,North Sound,WIN,21 Jul 2016,IND,bat,566/8d,243,231 (f/o),-,IND,an innings and 92 runs
1022595,WIN,IND,Kingston,WIN,30 Jul 2016,WIN,bat,196,500/9d,388/6,-,draw,-
1022597,IND,WIN,Gros Islet,WIN,9 Aug 2016,WIN,bowl,353,225,217/7d,108,IND,237 runs
1077953,WIN,PAK,Kingston,WIN,21 Apr 2017,PAK,bowl,286,407,152,36/3,PAK,7 wickets
1077954,WIN,PAK,Bridgetown,WIN,30 Apr 2017,WIN,bat,312,393,268,81,WIN,106 runs
1077955,PAK,WIN,Roseau,WIN,10 May 2017,WIN,bowl,376,247,174/8d,202,PAK,101 runs
1135149,WIN,SRL,Port of Spain,WIN,6 Jun 2018,WIN,bat,414/8d,185,223/7d,226,WIN,226 runs
1135150,SRL,WIN,Gros Islet,WIN,14 Jun 2018,SRL,bat,253,300,342,147/5,draw,-
1135151,WIN,SRL,Bridgetown,WIN,23 Jun 2018,WIN,bat,204,154,93,144/6,SRL,4 wickets
1146718,WIN,BAN,Kingston,WIN,12 Jul 2018,BAN,bowl,354,149,129,168,WIN,166 runs
1158062,WIN,ENG,Bridgetown,WIN,23 Jan 2019,WIN,bat,289,77,415/6d,246,WIN,381 runs
1158063,ENG,WIN,North Sound,WIN,31 Jan 2019,WIN,bowl,187,306,132,17/0,WIN,10 wickets
1158064,ENG,WIN,Gros Islet,WIN,9 Feb 2019,WIN,bowl,277,154,361/5d,252,ENG,232 runs
1188628,IND,WIN,North Sound,WIN,22 Aug 2019,WIN,bowl,297,222,343/7d,100,IND,318 runs
1188629,IND,WIN,Kingston,WIN,30 Aug 2019,WIN,bowl,416,117,168/4d,210,IND,257 runs
63922,PAK,NZL,Auckland,NZL,8 Mar 2001,NZL,bowl,346,252,336/5d,131,PAK,299 runs
63923,NZL,PAK,Christchurch,NZL,15 Mar 2001,PAK,bowl,476,571/8d,196/1d,-,draw,-
63924,PAK,NZL,Hamilton,NZL,27 Mar 2001,NZL,bowl,104,407/4d,118,-,NZL,an innings and 185 runs
63967,NZL,BAN,Hamilton,NZL,18 Dec 2001,BAN,bowl,365/9d,205,108 (f/o),-,NZL,an innings and 52 runs
63968,BAN,NZL,Wellington,NZL,26 Dec 2001,NZL,bowl,132,341/6d,135,-,NZL,an innings and 74 runs
63981,ENG,NZL,Christchurch,NZL,13 Mar 2002,NZL,bowl,228,147,468/6d,451,ENG,98 runs
63982,ENG,NZL,Wellington,NZL,21 Mar 2002,NZL,bowl,280,218,293/4d,158/4,draw,-
63983,NZL,ENG,Auckland,NZL,30 Mar 2002,NZL,bat,202,160,269/9d,233,NZL,78 runs
64020,IND,NZL,Wellington,NZL,12 Dec 2002,NZL,bowl,161,247,121,36/0,NZL,10 wickets
64021,IND,NZL,Hamilton,NZL,19 Dec 2002,NZL,bowl,99,94,154,160/6,NZL,4 wickets
64067,NZL,PAK,Hamilton,NZL,19 Dec 2003,PAK,bowl,563,463,96/8,-,draw,-
64068,NZL,PAK,Wellington,NZL,26 Dec 2003,NZL,bat,366,196,103,277/3,PAK,7 wickets
64074,RSA,NZL,Hamilton,NZL,10 Mar 2004,RSA,bat,459,509,313/4d,39/1,draw,-
64075,RSA,NZL,Auckland,NZL,18 Mar 2004,NZL,bowl,296,595,349,53/1,NZL,9 wickets
64076,NZL,RSA,Wellington,NZL,26 Mar 2004,RSA,bowl,297,316,252,234/4,RSA,6 wickets
64128,NZL,AUS,Christchurch,NZL,10 Mar 2005,AUS,bowl,433,432,131,135/1,AUS,9 wickets
64129,AUS,NZL,Wellington,NZL,18 Mar 2005,NZL,bowl,570/8d,244,48/3 (f/o),-,draw,-
64130,NZL,AUS,Auckland,NZL,26 Mar 2005,NZL,bat,292,383,254,166/1,AUS,9 wickets
64133,NZL,SRL,Napier,NZL,4 Apr 2005,NZL,bat,561,498,238,7/0,draw,-
64134,SRL,NZL,Wellington,NZL,11 Apr 2005,NZL,bowl,211,522/9d,273,-,NZL,an innings and 38 runs
238180,NZL,WIN,Auckland,NZL,9 Mar 2006,WIN,bowl,275,257,272,263,NZL,27 runs
238181,WIN,NZL,Wellington,NZL,17 Mar 2006,WIN,bat,192,372,215,37/0,NZL,10 wickets
251485,SRL,NZL,Christchurch,NZL,7 Dec 2006,SRL,bat,154,206,170,119/5,NZL,5 wickets
251486,SRL,NZL,Wellington,NZL,15 Dec 2006,SRL,bat,268,130,365,286,SRL,217 runs
300429,BAN,NZL,Dunedin,NZL,4 Jan 2008,NZL,bowl,137,357,254,39/1,NZL,9 wickets
300430,BAN,NZL,Wellington,NZL,12 Jan 2008,NZL,bowl,143,393,113,-,NZL,an innings and 137 runs
300442,NZL,ENG,Hamilton,NZL,5 Mar 2008,NZL,bat,470,348,177/9d,110,NZL,189 runs
300443,ENG,NZL,Wellington,NZL,13 Mar 2008,NZL,bowl,342,198,293,311,ENG,126 runs
300444,ENG,NZL,Napier,NZL,22 Mar 2008,ENG,bat,253,168,467/7d,431,ENG,121 runs
366705,NZL,WIN,Dunedin,NZL,11 Dec 2008,NZL,bat,365,340,44/2,-,draw,-
366706,WIN,NZL,Napier,NZL,19 Dec 2008,WIN,bat,307,371,375,220/5,draw,-
366628,NZL,IND,Hamilton,NZL,18 Mar 2009,IND,bowl,279,520,279,39/0,IND,10 wickets
386496,NZL,IND,Napier,NZL,26 Mar 2009,NZL,bat,619/9d,305,476/4 (f/o),-,draw,-
366629,IND,NZL,Wellington,NZL,3 Apr 2009,NZL,bowl,379,197,434/7d,281/8,draw,-
423778,NZL,PAK,Dunedin,NZL,24 Nov 2009,PAK,bowl,429,332,153,218,NZL,32 runs
423779,PAK,NZL,Wellington,NZL,3 Dec 2009,NZL,bowl,264,99,239,263,PAK,141 runs
423780,PAK,NZL,Napier,NZL,11 Dec 2009,PAK,bat,223,471,455,90/0,draw,-
423786,NZL,BAN,Hamilton,NZL,15 Feb 2010,BAN,bowl,553/7d,408,258/5d,282,NZL,121 runs
423789,AUS,NZL,Wellington,NZL,19 Mar 2010,AUS,bat,459/5d,157,407 (f/o),106/0,AUS,10 wickets
423790,AUS,NZL,Hamilton,NZL,27 Mar 2010,AUS,bat,231,264,511/8d,302,AUS,176 runs
473921,NZL,PAK,Hamilton,NZL,7 Jan 2011,PAK,bowl,275,367,110,21/0,PAK,10 wickets
473922,NZL,PAK,Wellington,NZL,15 Jan 2011,NZL,bat,356,376,293,226/5,draw,-
520591,NZL,ZIM,Napier,NZL,26 Jan 2012,ZIM,bowl,495/7d,51,143 (f/o),-,NZL,an innings and 301 runs
520603,RSA,NZL,Dunedin,NZL,7 Mar 2012,NZL,bowl,238,273,435/5d,137/2,draw,-
520604,NZL,RSA,Hamilton,NZL,15 Mar 2012,RSA,bowl,185,253,168,103/1,RSA,9 wickets
520605,RSA,NZL,Wellington,NZL,23 Mar 2012,NZL,bowl,474/9d,275,189/3d,200/6,draw,-
569243,ENG,NZL,Dunedin,NZL,6 Mar 2013,NZL,bowl,167,460/9d,421/6,-,draw,-
569244,ENG,NZL,Wellington,NZL,14 Mar 2013,NZL,bowl,465,254,162/2 (f/o),-,draw,-
569245,NZL,ENG,Auckland,NZL,22 Mar 2013,ENG,bowl,443,204,241/6d,315/9,draw,-
661679,NZL,WIN,Dunedin,NZL,3 Dec 2013,WIN,bowl,609/9d,213,507 (f/o),79/4,draw,-
661681,NZL,WIN,Wellington,NZL,11 Dec 2013,WIN,bowl,441,193,175 (f/o),-,NZL,an innings and 73 runs
661683,WIN,NZL,Hamilton,NZL,19 Dec 2013,NZL,bowl,367,349,103,124/2,NZL,8 wickets
667651,NZL,IND,Auckland,NZL,6 Feb 2014,IND,bowl,503,202,105,366,NZL,40 runs
667653,NZL,IND,Wellington,NZL,14 Feb 2014,IND,bowl,192,438,680/8d,166/3,draw,-
749777,NZL,SRL,Christchurch,NZL,26 Dec 2014,SRL,bowl,441,138,407 (f/o),107/2,NZL,8 wickets
749779,NZL,SRL,Wellington,NZL,3 Jan 2015,SRL,bowl,221,356,524/5d,196,NZL,193 runs
914203,NZL,SRL,Dunedin,NZL,10 Dec 2015,SRL,bowl,431,294,267/3d,282,NZL,122 runs
914205,SRL,NZL,Hamilton,NZL,18 Dec 2015,NZL,bowl,292,237,133,189/5,NZL,5 wickets
914237,NZL,AUS,Wellington,NZL,12 Feb 2016,AUS,bowl,183,562,327,-,AUS,an innings and 52 runs
914239,NZL,AUS,Christchurch,NZL,20 Feb 2016,AUS,bowl,370,505,335,201/3,AUS,7 wickets
1019993,PAK,NZL,Christchurch,NZL,17 Nov 2016,NZL,bowl,133,200,171,108/2,NZL,8 wickets
1019995,NZL,PAK,Hamilton,NZL,25 Nov 2016,PAK,bowl,271,216,313/5d,230,NZL,138 runs
1019985,BAN,NZL,Wellington,NZL,12 Jan 2017,NZL,bowl,595/8d,539,160,217/3,NZL,7 wickets
1019987,BAN,NZL,Christchurch,NZL,20 Jan 2017,NZL,bowl,289,354,173,111/1,NZL,9 wickets
1020041,RSA,NZL,Dunedin,NZL,8 Mar 2017,RSA,bat,308,341,224/6,-,draw,-
1020043,NZL,RSA,Wellington,NZL,16 Mar 2017,RSA,bowl,268,359,171,83/2,RSA,8 wickets
1020045,RSA,NZL,Hamilton,NZL,25 Mar 2017,RSA,bat,314,489,80/5,-,draw,-
1115793,WIN,NZL,Wellington,NZL,1 Dec 2017,NZL,bowl,134,520/9d,319,-,NZL,an innings and 67 runs
1115794,NZL,WIN,Hamilton,NZL,9 Dec 2017,WIN,bowl,373,221,291/8d,203,NZL,240 runs
1115780,ENG,NZL,Auckland,NZL,22 Mar 2018,NZL,bowl,58,427/8d,320,-,NZL,an innings and 49 runs
1115781,ENG,NZL,Christchurch,NZL,30 Mar 2018,NZL,bowl,307,278,352/9d,256/8,draw,-
1153838,SRL,NZL,Wellington,NZL,15 Dec 2018,NZL,bowl,282,578,287/3,-,draw,-
1153839,NZL,SRL,Christchurch,NZL,26 Dec 2018,SRL,bowl,178,104,585/4d,236,NZL,423 runs
1153847,BAN,NZL,Hamilton,NZL,28 Feb 2019,NZL,bowl,234,715/6d,429,-,NZL,an innings and 52 runs
1153848,BAN,NZL,Wellington,NZL,8 Mar 2019,NZL,bowl,211,432/6d,209,-,NZL,an innings and 12 runs
1187671,ENG,NZL,Mount Maunganui,NZL,21 Nov 2019,ENG,bat,353,615/9d,197,-,NZL,an innings and 65 runs
1187672,NZL,ENG,Hamilton,NZL,29 Nov 2019,ENG,bowl,375,476,241/2,-,draw,-
1187685,IND,NZL,Wellington,NZL,21 Feb 2020,NZL,bowl,165,348,191,9/0,NZL,10 wickets
1187686,IND,NZL,Christchurch,NZL,29 Feb 2020,NZL,bowl,242,235,124,132/3,NZL,7 wickets
63919,IND,AUS,Mumbai,IND,27 Feb 2001,AUS,bowl,176,349,219,47/0,AUS,10 wickets
63920,AUS,IND,Kolkata,IND,11 Mar 2001,AUS,bat,445,171,657/7d (f/o),212,IND,171 runs
63921,AUS,IND,Chennai,IND,18 Mar 2001,AUS,bat,391,501,264,155/8,IND,2 wickets
63961,ENG,IND,Mohali,IND,3 Dec 2001,IND,bowl,238,469,235,5/0,IND,10 wickets
63962,ENG,IND,Ahmedabad,IND,11 Dec 2001,ENG,bat,407,291,257,198/3,draw,-
63963,ENG,IND,Bengaluru,IND,19 Dec 2001,ENG,bat,336,238,33/0,-,draw,-
63976,ZIM,IND,Nagpur,IND,21 Feb 2002,ZIM,bat,287,570/7d,182,-,IND,an innings and 101 runs
63977,ZIM,IND,Delhi,IND,28 Feb 2002,ZIM,bat,329,354,146,126/6,IND,4 wickets
64004,IND,WIN,Mumbai,IND,9 Oct 2002,IND,bat,457,157,188 (f/o),-,IND,an innings and 112 runs
64005,WIN,IND,Chennai,IND,17 Oct 2002,WIN,bat,167,316,229,81/2,IND,8 wickets
64006,IND,WIN,Kolkata,IND,30 Oct 2002,IND,bat,358,497,471/8,-,draw,-
64046,IND,NZL,Ahmedabad,IND,8 Oct 2003,IND,bat,500/5d,340,209/6d,272/6,draw,-
64047,NZL,IND,Mohali,IND,16 Oct 2003,NZL,bat,630/6d,424,136/4 (f/o),-,draw,-
64099,AUS,IND,Bengaluru,IND,6 Oct 2004,AUS,bat,474,246,228,239,AUS,217 runs
64100,AUS,IND,Chennai,IND,14 Oct 2004,AUS,bat,235,376,369,19/0,draw,-
64101,AUS,IND,Nagpur,IND,26 Oct 2004,AUS,bat,398,185,329/5d,200,AUS,342 runs
64102,IND,AUS,Mumbai,IND,3 Nov 2004,IND,bat,104,203,205,93,IND,13 runs
64109,RSA,IND,Kanpur,IND,20 Nov 2004,RSA,bat,510/9d,466,169/4,-,draw,-
64110,RSA,IND,Kolkata,IND,28 Nov 2004,RSA,bat,305,411,222,120/2,IND,8 wickets
64125,PAK,IND,Mohali,IND,8 Mar 2005,IND,bowl,312,516,496/9d,85/1,draw,-
64126,IND,PAK,Kolkata,IND,16 Mar 2005,IND,bat,407,393,407/9d,226,IND,195 runs
64127,PAK,IND,Bengaluru,IND,24 Mar 2005,PAK,bat,570,449,261/2d,214,PAK,168 runs
226361,IND,SRL,Chennai,IND,2 Dec 2005,IND,bat,167,168/4,-,-,draw,-
226362,IND,SRL,Delhi,IND,10 Dec 2005,IND,bat,290,230,375/6d,247,IND,188 runs
226363,IND,SRL,Ahmedabad,IND,18 Dec 2005,IND,bat,398,206,316/9d,249,IND,259 runs
239025,ENG,IND,Nagpur,IND,1 Mar 2006,ENG,bat,393,323,297/3d,260/6,draw,-
238186,ENG,IND,Mohali,IND,9 Mar 2006,ENG,bat,300,338,181,144/1,IND,9 wickets
238187,ENG,IND,Mumbai,IND,18 Mar 2006,IND,bowl,400,279,191,100,ENG,212 runs
297806,PAK,IND,Delhi,IND,22 Nov 2007,PAK,bat,231,276,247,203/4,IND,6 wickets
297807,IND,PAK,Kolkata,IND,30 Nov 2007,IND,bat,616/5d,456,184/4d,214/4,draw,-
297808,IND,PAK,Bengaluru,IND,8 Dec 2007,IND,bat,626,537,284/6d,162/7,draw,-
332911,RSA,IND,Chennai,IND,26 Mar 2008,RSA,bat,540,627,331/5d,-,draw,-
332912,IND,RSA,Ahmedabad,IND,3 Apr 2008,IND,bat,76,494/7d,328,-,RSA,an innings and 90 runs
332913,RSA,IND,Kanpur,IND,11 Apr 2008,RSA,bat,265,325,121,64/2,IND,8 wickets
345669,AUS,IND,Bengaluru,IND,9 Oct 2008,AUS,bat,430,360,228/6d,177/4,draw,-
345670,IND,AUS,Mohali,IND,17 Oct 2008,IND,bat,469,268,314/3d,195,IND,320 runs
345671,IND,AUS,Delhi,IND,29 Oct 2008,IND,bat,613/7d,577,208/5d,31/0,draw,-
345672,IND,AUS,Nagpur,IND,6 Nov 2008,IND,bat,441,355,295,209,IND,172 runs
361050,ENG,IND,Chennai,IND,11 Dec 2008,ENG,bat,316,241,311/9d,387/4,IND,6 wickets
361051,IND,ENG,Mohali,IND,19 Dec 2008,IND,bat,453,302,251/7d,64/1,draw,-
430881,IND,SRL,Ahmedabad,IND,16 Nov 2009,IND,bat,426,760/7d,412/4,-,draw,-
430882,IND,SRL,Kanpur,IND,24 Nov 2009,IND,bat,642,229,269 (f/o),-,IND,an innings and 144 runs
430883,SRL,IND,Mumbai (BS),IND,2 Dec 2009,SRL,bat,393,726/9d,309,-,IND,an innings and 24 runs
441825,RSA,IND,Nagpur,IND,6 Feb 2010,RSA,bat,558/6d,233,319 (f/o),-,RSA,an innings and 6 runs
441826,RSA,IND,Kolkata,IND,14 Feb 2010,RSA,bat,296,643/6d,290,-,IND,an innings and 57 runs
464526,AUS,IND,Mohali,IND,1 Oct 2010,AUS,bat,428,405,192,216/9,IND,1 wicket
464527,AUS,IND,Bengaluru,IND,9 Oct 2010,AUS,bat,478,495,223,207/3,IND,7 wickets
464531,IND,NZL,Ahmedabad,IND,4 Nov 2010,IND,bat,487,459,266,22/1,draw,-
464532,NZL,IND,Hyderabad (Deccan),IND,12 Nov 2010,NZL,bat,350,472,448/8d,68/0,draw,-
464533,NZL,IND,Nagpur,IND,20 Nov 2010,NZL,bat,193,566/8d,175,-,IND,an innings and 198 runs
535997,WIN,IND,Delhi,IND,6 Nov 2011,WIN,bat,304,209,180,276/5,IND,5 wickets
535998,IND,WIN,Kolkata,IND,14 Nov 2011,IND,bat,631/7d,153,463 (f/o),-,IND,an innings and 15 runs
535999,WIN,IND,Mumbai,IND,22 Nov 2011,WIN,bat,590,482,134,242/9,draw,-
565817,IND,NZL,Hyderabad (Deccan),IND,23 Aug 2012,IND,bat,438,159,164 (f/o),-,IND,an innings and 115 runs
565818,NZL,IND,Bengaluru,IND,31 Aug 2012,NZL,bat,365,353,248,262/5,IND,5 wickets
565806,IND,ENG,Ahmedabad,IND,15 Nov 2012,IND,bat,521/8d,191,406 (f/o),80/1,IND,9 wickets
565807,IND,ENG,Mumbai,IND,23 Nov 2012,IND,bat,327,413,142,58/0,ENG,10 wickets
565808,IND,ENG,Kolkata,IND,5 Dec 2012,IND,bat,316,523,247,41/3,ENG,7 wickets
565809,ENG,IND,Nagpur,IND,13 Dec 2012,ENG,bat,330,326/9d,352/4d,-,draw,-
598812,AUS,IND,Chennai,IND,22 Feb 2013,AUS,bat,380,572,241,50/2,IND,8 wickets
598813,AUS,IND,Hyderabad (Deccan),IND,2 Mar 2013,AUS,bat,237/9d,503,131,-,IND,an innings and 135 runs
598814,AUS,IND,Mohali,IND,14 Mar 2013,AUS,bat,408,499,223,136/4,IND,6 wickets
598815,AUS,IND,Delhi,IND,22 Mar 2013,AUS,bat,262,272,164,158/4,IND,6 wickets
676525,WIN,IND,Kolkata,IND,6 Nov 2013,WIN,bat,234,453,168,-,IND,an innings and 51 runs
676527,WIN,IND,Mumbai,IND,14 Nov 2013,IND,bowl,182,495,187,-,IND,an innings and 126 runs
903603,IND,RSA,Mohali,IND,5 Nov 2015,IND,bat,201,184,200,109,IND,108 runs
903605,RSA,IND,Bengaluru,IND,14 Nov 2015,IND,bowl,214,80/0,-,-,draw,-
903607,IND,RSA,Nagpur,IND,25 Nov 2015,IND,bat,215,79,173,185,IND,124 runs
903609,IND,RSA,Delhi,IND,3 Dec 2015,IND,bat,334,121,267/5d,143,IND,337 runs
1030213,IND,NZL,Kanpur,IND,22 Sep 2016,IND,bat,318,262,377/5d,236,IND,197 runs
1030215,IND,NZL,Kolkata,IND,30 Sep 2016,IND,bat,316,204,263,197,IND,178 runs
1030217,IND,NZL,Indore,IND,8 Oct 2016,IND,bat,557/5d,299,216/3d,153,IND,321 runs
1034809,ENG,IND,Rajkot,IND,9 Nov 2016,ENG,bat,537,488,260/3d,172/6,draw,-
1034811,IND,ENG,Visakhapatnam,IND,17 Nov 2016,IND,bat,455,255,204,158,IND,246 runs
1034813,ENG,IND,Mohali,IND,26 Nov 2016,ENG,bat,283,417,236,104/2,IND,8 wickets
1034815,ENG,IND,Mumbai,IND,8 Dec 2016,ENG,bat,400,631,195,-,IND,an innings and 36 runs
1034817,ENG,IND,Chennai,IND,16 Dec 2016,ENG,bat,477,759/7d,207,-,IND,an innings and 75 runs
1041761,IND,BAN,Hyderabad (Deccan),IND,9 Feb 2017,IND,bat,687/6d,388,159/4d,250,IND,208 runs
1062573,AUS,IND,Pune,IND,23 Feb 2017,AUS,bat,260,105,285,107,AUS,333 runs
1062574,IND,AUS,Bengaluru,IND,4 Mar 2017,IND,bat,189,276,274,112,IND,75 runs
1062575,AUS,IND,Ranchi,IND,16 Mar 2017,AUS,bat,451,603/9d,204/6,-,draw,-
1062576,AUS,IND,Dharamsala,IND,25 Mar 2017,AUS,bat,300,332,137,106/2,IND,8 wickets
1122723,IND,SRL,Kolkata,IND,16 Nov 2017,SRL,bowl,172,294,352/8d,75/7,draw,-
1122724,SRL,IND,Nagpur,IND,24 Nov 2017,SRL,bat,205,610/6d,166,-,IND,an innings and 239 runs
1122725,IND,SRL,Delhi,IND,2 Dec 2017,IND,bat,536/7d,373,246/5d,299/5,draw,-
1133983,IND,AFG,Bengaluru,IND,14 Jun 2018,IND,bat,474,109,103 (f/o),-,IND,an innings and 262 runs
1157752,IND,WIN,Rajkot,IND,4 Oct 2018,IND,bat,649/9d,181,196 (f/o),-,IND,an innings and 272 runs
1157753,WIN,IND,Hyderabad (Deccan),IND,12 Oct 2018,WIN,bat,311,367,127,75/0,IND,10 wickets
1168120,IRE,AFG,Dehradun,IND,15 Mar 2019,IRE,bat,172,314,288,149/3,AFG,7 wickets
1187007,IND,RSA,Visakhapatnam,IND,2 Oct 2019,IND,bat,502/7d,431,323/4d,191,IND,203 runs
1187008,IND,RSA,Pune,IND,10 Oct 2019,IND,bat,601/5d,275,189 (f/o),-,IND,an innings and 137 runs
1187009,IND,RSA,Ranchi,IND,19 Oct 2019,IND,bat,497/9d,162,133 (f/o),-,IND,an innings and 202 runs
1187016,BAN,IND,Indore,IND,14 Nov 2019,BAN,bat,150,493/6d,213,-,IND,an innings and 130 runs
1187017,BAN,IND,Kolkata,IND,22 Nov 2019,BAN,bat,106,347/9d,195,-,IND,an innings and 46 runs
1193500,AFG,WIN,Lucknow,IND,27 Nov 2019,WIN,bowl,187,277,120,33/1,WIN,9 wickets
63946,BAN,PAK,Multan,PAK,29 Aug 2001,BAN,bat,134,546/3d,148,-,PAK,an innings and 264 runs
63948,PAK,SRL,Lahore,PAK,6 Mar 2002,SRL,bowl,234,528,325,33/2,SRL,8 wickets
63989,PAK,NZL,Lahore,PAK,1 May 2002,PAK,bat,643,73,246 (f/o),-,PAK,an innings and 324 runs
64043,BAN,PAK,Karachi,PAK,20 Aug 2003,PAK,bowl,288,346,274,217/3,PAK,7 wickets
64044,BAN,PAK,Peshawar,PAK,27 Aug 2003,BAN,bat,361,295,96,165/1,PAK,9 wickets
64045,BAN,PAK,Multan,PAK,3 Sep 2003,BAN,bat,281,175,154,262/9,PAK,1 wicket
64050,RSA,PAK,Lahore,PAK,17 Oct 2003,RSA,bat,320,401,241,164/2,PAK,8 wickets
64051,RSA,PAK,Faisalabad,PAK,24 Oct 2003,RSA,bat,278,348,371/8d,242/6,draw,-
64081,IND,PAK,Multan,PAK,28 Mar 2004,IND,bat,675/5d,407,216 (f/o),-,IND,an innings and 52 runs
64082,IND,PAK,Lahore,PAK,5 Apr 2004,IND,bat,287,489,241,40/1,PAK,9 wickets
64083,PAK,IND,Rawalpindi,PAK,13 Apr 2004,IND,bowl,224,600,245,-,IND,an innings and 131 runs
64105,SRL,PAK,Faisalabad,PAK,20 Oct 2004,SRL,bat,243,264,438,216,SRL,201 runs
64106,SRL,PAK,Karachi,PAK,28 Oct 2004,PAK,bowl,208,478,406,139/4,PAK,6 wickets
225443,PAK,ENG,Multan,PAK,12 Nov 2005,PAK,bat,274,418,341,175,PAK,22 runs
226350,PAK,ENG,Faisalabad,PAK,20 Nov 2005,PAK,bat,462,446,268/9d,164/6,draw,-
226351,ENG,PAK,Lahore,PAK,29 Nov 2005,ENG,bat,288,636/8d,248,-,PAK,an innings and 100 runs
232615,PAK,IND,Lahore,PAK,13 Jan 2006,PAK,bat,679/7d,410/1,-,-,draw,-
233797,PAK,IND,Faisalabad,PAK,21 Jan 2006,PAK,bat,588,603,490/8d,21/0,draw,-
234783,PAK,IND,Karachi,PAK,29 Jan 2006,IND,bowl,245,238,599/7d,265,PAK,341 runs
257765,WIN,PAK,Lahore,PAK,11 Nov 2006,WIN,bat,206,485,291,13/1,PAK,9 wickets
257766,PAK,WIN,Multan,PAK,19 Nov 2006,PAK,bat,357,591,461/7,-,draw,-
257767,PAK,WIN,Karachi,PAK,27 Nov 2006,PAK,bat,304,260,399/6d,244,PAK,199 runs
299004,RSA,PAK,Karachi,PAK,1 Oct 2007,RSA,bat,450,291,264/7d,263,RSA,160 runs
299005,RSA,PAK,Lahore,PAK,8 Oct 2007,RSA,bat,357,206,305/4d,316/4,draw,-
388993,SRL,PAK,Karachi,PAK,21 Feb 2009,SRL,bat,644/7d,765/6d,144/5,-,draw,-
388994,SRL,PAK,Lahore,PAK,1 Mar 2009,PAK,bowl,606,110/1,-,-,draw,-
1206635,SRL,PAK,Rawalpindi,PAK,11 Dec 2019,SRL,bat,308/6d,252/2,-,-,draw,-
1206636,PAK,SRL,Karachi,PAK,19 Dec 2019,PAK,bat,191,271,555/3d,212,PAK,263 runs
1213062,BAN,PAK,Rawalpindi,PAK,7 Feb 2020,PAK,bowl,233,445,168,-,PAK,an innings and 44 runs
63916,SRL,ENG,Galle,SRL,22 Feb 2001,SRL,bat,470/5d,253,189 (f/o),-,SRL,an innings and 28 runs
63917,SRL,ENG,Kandy,SRL,7 Mar 2001,SRL,bat,297,387,250,161/7,ENG,3 wickets
63918,SRL,ENG,Colombo (SSC),SRL,15 Mar 2001,SRL,bat,241,249,81,74/6,ENG,4 wickets
63943,IND,SRL,Galle,SRL,14 Aug 2001,SRL,bowl,187,362,180,6/0,SRL,10 wickets
63944,SRL,IND,Kandy,SRL,22 Aug 2001,IND,bowl,274,232,221,264/3,IND,7 wickets
63945,IND,SRL,Colombo (SSC),SRL,29 Aug 2001,IND,bat,234,610/6d,299,-,SRL,an innings and 77 runs
63947,BAN,SRL,Colombo (SSC),SRL,6 Sep 2001,SRL,bowl,90,555/5d,328,-,SRL,an innings and 137 runs
63958,WIN,SRL,Galle,SRL,13 Nov 2001,WIN,bat,448,590/9d,144,6/0,SRL,10 wickets
63959,SRL,WIN,Kandy,SRL,21 Nov 2001,SRL,bat,288,191,224/6d,190,SRL,131 runs
63960,WIN,SRL,Colombo (SSC),SRL,29 Nov 2001,WIN,bat,390,627/9d,262,27/0,SRL,10 wickets
63969,SRL,ZIM,Colombo (SSC),SRL,27 Dec 2001,ZIM,bowl,586/6d,184,236 (f/o),-,SRL,an innings and 166 runs
63970,ZIM,SRL,Kandy,SRL,4 Jan 2002,ZIM,bat,236,505,175,-,SRL,an innings and 94 runs
63971,SRL,ZIM,Galle,SRL,12 Jan 2002,SRL,bat,418,236,212/2d,79,SRL,315 runs
63995,BAN,SRL,Colombo (PSS),SRL,21 Jul 2002,SRL,bowl,161,541/9d,184,-,SRL,an innings and 196 runs
63996,SRL,BAN,Colombo (SSC),SRL,28 Jul 2002,BAN,bowl,373,164,263/2d,184,SRL,288 runs
64001,AUS,PAK,Colombo (PSS),SRL,3 Oct 2002,AUS,bat,467,279,127,274,AUS,41 runs
64030,NZL,SRL,Colombo (PSS),SRL,25 Apr 2003,NZL,bat,515/7d,483,161/5d,-,draw,-
64031,NZL,SRL,Kandy,SRL,3 May 2003,NZL,bat,305,298,183,72/1,draw,-
64056,SRL,ENG,Galle,SRL,2 Dec 2003,SRL,bat,331,235,226,210/9,draw,-
64057,SRL,ENG,Kandy,SRL,10 Dec 2003,SRL,bat,382,294,279/7d,285/7,draw,-
64058,ENG,SRL,Colombo (SSC),SRL,18 Dec 2003,ENG,bat,265,628/8d,148,-,SRL,an innings and 215 runs
64071,AUS,SRL,Galle,SRL,8 Mar 2004,AUS,bat,220,381,512/8d,154,AUS,197 runs
64072,AUS,SRL,Kandy,SRL,16 Mar 2004,AUS,bat,120,211,442,324,AUS,27 runs
64073,AUS,SRL,Colombo (SSC),SRL,24 Mar 2004,AUS,bat,401,407,375,248,AUS,121 runs
64097,SRL,RSA,Galle,SRL,4 Aug 2004,SRL,bat,486,376,214/9d,203/3,draw,-
64098,SRL,RSA,Colombo (SSC),SRL,11 Aug 2004,SRL,bat,470,189,211/4d,179,SRL,313 runs
213347,WIN,SRL,Colombo (SSC),SRL,13 Jul 2005,WIN,bat,285,227,113,172/4,SRL,6 wickets
214009,SRL,WIN,Kandy,SRL,22 Jul 2005,WIN,bowl,150,148,375/7d,137,SRL,240 runs
218813,BAN,SRL,Colombo (RPS),SRL,12 Sep 2005,SRL,bowl,188,370/9d,86,-,SRL,an innings and 96 runs
219612,SRL,BAN,Colombo (PSS),SRL,20 Sep 2005,SRL,bat,457/9d,191,197 (f/o),-,SRL,an innings and 69 runs
238216,SRL,PAK,Colombo (SSC),SRL,26 Mar 2006,PAK,bowl,185,176,448/5d,337/4,draw,-
238217,SRL,PAK,Kandy,SRL,3 Apr 2006,PAK,bowl,279,170,73,183/2,PAK,8 wickets
249193,RSA,SRL,Colombo (SSC),SRL,27 Jul 2006,RSA,bat,169,756/5d,434,-,SRL,an innings and 153 runs
249194,RSA,SRL,Colombo (PSS),SRL,4 Aug 2006,RSA,bat,361,321,311,352/9,SRL,1 wicket
293478,BAN,SRL,Colombo (SSC),SRL,25 Jun 2007,SRL,bowl,89,577/6d,254,-,SRL,an innings and 234 runs
293479,BAN,SRL,Colombo (PSS),SRL,3 Jul 2007,SRL,bowl,62,451/6d,299,-,SRL,an innings and 90 runs
293480,BAN,SRL,Kandy,SRL,11 Jul 2007,SRL,bowl,131,500/4d,176,-,SRL,an innings and 193 runs
291222,SRL,ENG,Kandy,SRL,1 Dec 2007,SRL,bat,188,281,442/8d,261,SRL,88 runs
291223,ENG,SRL,Colombo (SSC),SRL,9 Dec 2007,ENG,bat,351,548/9d,250/3,-,draw,-
291224,SRL,ENG,Galle,SRL,18 Dec 2007,ENG,bowl,499/8d,81,251/6 (f/o),-,draw,-
343729,SRL,IND,Colombo (SSC),SRL,23 Jul 2008,SRL,bat,600/6d,223,138 (f/o),-,SRL,an innings and 239 runs
343730,IND,SRL,Galle,SRL,31 Jul 2008,IND,bat,329,292,269,136,IND,170 runs
343731,IND,SRL,Colombo (PSS),SRL,8 Aug 2008,IND,bat,249,396,268,123/2,SRL,8 wickets
403367,SRL,PAK,Galle,SRL,4 Jul 2009,PAK,bowl,292,342,217,117,SRL,50 runs
403368,PAK,SRL,Colombo (PSS),SRL,12 Jul 2009,PAK,bat,90,240,320,171/3,SRL,7 wickets
403369,PAK,SRL,Colombo (SSC),SRL,20 Jul 2009,SRL,bowl,299,233,425/9d,391/4,draw,-
403378,SRL,NZL,Galle,SRL,18 Aug 2009,NZL,bowl,452,299,259/4d,210,SRL,202 runs
403379,SRL,NZL,Colombo (SSC),SRL,26 Aug 2009,SRL,bat,416,234,311/5d,397,SRL,96 runs
456669,SRL,IND,Galle,SRL,18 Jul 2010,SRL,bat,520/8d,276,338 (f/o),96/0,SRL,10 wickets
456670,SRL,IND,Colombo (SSC),SRL,26 Jul 2010,SRL,bat,642/4d,707,129/3d,-,draw,-
456671,SRL,IND,Colombo (PSS),SRL,3 Aug 2010,SRL,bat,425,436,267,258/5,IND,5 wickets
464987,WIN,SRL,Galle,SRL,15 Nov 2010,WIN,bat,580/9d,378,241/4 (f/o),-,draw,-
464988,SRL,WIN,Colombo (RPS),SRL,23 Nov 2010,SRL,bat,387/9d,243,57/1d,12/2,draw,-
516212,AUS,SRL,Galle,SRL,31 Aug 2011,AUS,bat,273,105,210,253,AUS,125 runs
516213,SRL,AUS,Pallekele,SRL,8 Sep 2011,SRL,bat,174,411/7d,317/6,-,draw,-
516214,AUS,SRL,Colombo (SSC),SRL,16 Sep 2011,SRL,bowl,316,473,488,7/0,draw,-
521225,SRL,ENG,Galle,SRL,26 Mar 2012,SRL,bat,318,193,214,264,SRL,75 runs
521226,SRL,ENG,Colombo (PSS),SRL,3 Apr 2012,SRL,bat,275,460,278,97/2,ENG,8 wickets
562444,SRL,PAK,Galle,SRL,22 Jun 2012,SRL,bat,472,100,137/5d,300,SRL,209 runs
562445,PAK,SRL,Colombo (SSC),SRL,30 Jun 2012,SRL,bowl,551/6d,391,100/2d,86/2,draw,-
562446,PAK,SRL,Pallekele,SRL,8 Jul 2012,SRL,bowl,226,337,380/8d,195/4,draw,-
582192,NZL,SRL,Galle,SRL,17 Nov 2012,NZL,bat,221,247,118,93/0,SRL,10 wickets
582193,NZL,SRL,Colombo (PSS),SRL,25 Nov 2012,NZL,bat,412,244,194/9d,195,NZL,167 runs
602472,SRL,BAN,Galle,SRL,8 Mar 2013,SRL,bat,570/4d,638,335/4d,70/1,draw,-
602473,BAN,SRL,Colombo (RPS),SRL,16 Mar 2013,SRL,bowl,240,346,265,160/3,SRL,7 wickets
730089,RSA,SRL,Galle,SRL,16 Jul 2014,RSA,bat,455/9d,292,206/6d,216,RSA,153 runs
730091,SRL,RSA,Colombo (SSC),SRL,24 Jul 2014,SRL,bat,421,282,229/8d,159/8,draw,-
745153,PAK,SRL,Galle,SRL,6 Aug 2014,PAK,bat,451,533/9d,180,99/3,SRL,7 wickets
745155,SRL,PAK,Colombo (SSC),SRL,14 Aug 2014,SRL,bat,320,332,282,165,SRL,105 runs
860263,SRL,PAK,Galle,SRL,17 Jun 2015,PAK,bowl,300,417,206,92/0,PAK,10 wickets
860265,PAK,SRL,Colombo (PSS),SRL,25 Jun 2015,PAK,bat,138,315,329,153/3,SRL,7 wickets
860267,SRL,PAK,Pallekele,SRL,3 Jul 2015,PAK,bowl,278,215,313,382/3,PAK,7 wickets
895773,SRL,IND,Galle,SRL,12 Aug 2015,SRL,bat,183,375,367,112,SRL,63 runs
895775,IND,SRL,Colombo (PSS),SRL,20 Aug 2015,IND,bat,393,306,325/8d,134,IND,278 runs
895777,IND,SRL,Colombo (SSC),SRL,28 Aug 2015,SRL,bowl,312,201,274,268,IND,117 runs
915773,SRL,WIN,Galle,SRL,14 Oct 2015,SRL,bat,484,251,227 (f/o),-,SRL,an innings and 6 runs
915775,SRL,WIN,Colombo (PSS),SRL,22 Oct 2015,SRL,bat,200,163,206,171,SRL,72 runs
995451,SRL,AUS,Pallekele,SRL,26 Jul 2016,SRL,bat,117,203,353,161,SRL,106 runs
995453,SRL,AUS,Galle,SRL,4 Aug 2016,SRL,bat,281,106,237,183,SRL,229 runs
995455,SRL,AUS,Colombo (SSC),SRL,13 Aug 2016,SRL,bat,355,379,347/8d,160,SRL,163 runs
1083444,SRL,BAN,Galle,SRL,7 Mar 2017,SRL,bat,494,312,274/6d,197,SRL,259 runs
1083445,SRL,BAN,Colombo (PSS),SRL,15 Mar 2017,SRL,bat,338,467,319,191/6,BAN,4 wickets
1104483,ZIM,SRL,Colombo (RPS),SRL,14 Jul 2017,ZIM,bat,356,346,377,391/6,SRL,4 wickets
1109602,IND,SRL,Galle,SRL,26 Jul 2017,IND,bat,600,291,240/3d,245,IND,304 runs
1109603,IND,SRL,Colombo (SSC),SRL,3 Aug 2017,IND,bat,622/9d,183,386 (f/o),-,IND,an innings and 53 runs
1109604,IND,SRL,Pallekele,SRL,12 Aug 2017,IND,bat,487,135,181 (f/o),-,IND,an innings and 171 runs
1142581,SRL,RSA,Galle,SRL,12 Jul 2018,SRL,bat,287,126,190,73,SRL,278 runs
1142582,SRL,RSA,Colombo (SSC),SRL,20 Jul 2018,SRL,bat,338,124,275/5d,290,SRL,199 runs
1140385,ENG,SRL,Galle,SRL,6 Nov 2018,ENG,bat,342,203,322/6d,250,ENG,211 runs
1140386,ENG,SRL,Pallekele,SRL,14 Nov 2018,ENG,bat,290,336,346,243,ENG,57 runs
1140387,ENG,SRL,Colombo (SSC),SRL,23 Nov 2018,ENG,bat,336,240,230,284,ENG,42 runs
1192873,NZL,SRL,Galle,SRL,14 Aug 2019,NZL,bat,249,267,285,268/4,SRL,6 wickets
1192874,SRL,NZL,Colombo (PSS),SRL,22 Aug 2019,SRL,bat,244,431/6d,122,-,NZL,an innings and 65 runs
63930,BAN,ZIM,Bulawayo,ZIM,19 Apr 2001,ZIM,bowl,257,457,168,-,ZIM,an innings and 32 runs
63931,BAN,ZIM,Harare,ZIM,26 Apr 2001,ZIM,bowl,254,421/9d,266,100/2,ZIM,8 wickets
63934,ZIM,IND,Bulawayo,ZIM,7 Jun 2001,ZIM,bat,173,318,328,184/2,IND,8 wickets
63935,IND,ZIM,Harare,ZIM,15 Jun 2001,IND,bat,237,315,234,157/6,ZIM,4 wickets
63941,ZIM,WIN,Bulawayo,ZIM,19 Jul 2001,ZIM,bat,155,559/6d,228,-,WIN,an innings and 176 runs
63942,ZIM,WIN,Harare,ZIM,27 Jul 2001,WIN,bowl,131,347,563/9d,98/1,draw,-
63949,RSA,ZIM,Harare,ZIM,7 Sep 2001,RSA,bat,600/3d,286,391 (f/o),79/1,RSA,9 wickets
63950,ZIM,RSA,Bulawayo,ZIM,14 Sep 2001,ZIM,bat,419/9d,519/8d,96/3,-,draw,-
64016,PAK,ZIM,Harare,ZIM,9 Nov 2002,ZIM,bowl,285,225,369,310,PAK,119 runs
64017,ZIM,PAK,Bulawayo,ZIM,16 Nov 2002,ZIM,bat,178,403,281,57/0,PAK,10 wickets
64054,ZIM,WIN,Harare,ZIM,4 Nov 2003,ZIM,bat,507/9d,335,200/7d,207/9,draw,-
64055,WIN,ZIM,Bulawayo,ZIM,12 Nov 2003,WIN,bat,481,377,128,104,WIN,128 runs
64069,ZIM,BAN,Harare,ZIM,19 Feb 2004,ZIM,bat,441,331,242/8d,169,ZIM,183 runs
64070,BAN,ZIM,Bulawayo,ZIM,26 Feb 2004,ZIM,bowl,168,210/2,-,-,draw,-
64084,ZIM,SRL,Harare,ZIM,6 May 2004,SRL,bowl,199,541,102,-,SRL,an innings and 240 runs
64085,ZIM,SRL,Bulawayo,ZIM,14 May 2004,SRL,bowl,228,713/3d,231,-,SRL,an innings and 254 runs
215253,NZL,ZIM,Harare,ZIM,7 Aug 2005,ZIM,bowl,452/9d,59,99 (f/o),-,NZL,an innings and 294 runs
216055,ZIM,NZL,Bulawayo,ZIM,15 Aug 2005,ZIM,bat,231,484,207,-,NZL,an innings and 46 runs
219062,ZIM,IND,Bulawayo,ZIM,13 Sep 2005,ZIM,bat,279,554,185,-,IND,an innings and 90 runs
219613,ZIM,IND,Harare,ZIM,20 Sep 2005,IND,bowl,161,366,223,19/0,IND,10 wickets
522245,ZIM,BAN,Harare,ZIM,4 Aug 2011,BAN,bowl,370,287,291/5d,244,ZIM,130 runs
523731,ZIM,PAK,Bulawayo,ZIM,1 Sep 2011,PAK,bowl,412,466,141,88/3,PAK,7 wickets
527017,NZL,ZIM,Bulawayo,ZIM,1 Nov 2011,NZL,bat,426,313,252/8d,331,NZL,34 runs
623576,ZIM,BAN,Harare,ZIM,17 Apr 2013,BAN,bowl,389,134,227/7d,147,ZIM,335 runs
623577,BAN,ZIM,Harare,ZIM,25 Apr 2013,ZIM,bowl,391,282,291/9d,257,BAN,143 runs
659555,PAK,ZIM,Harare,ZIM,3 Sep 2013,ZIM,bowl,249,327,419/9d,120,PAK,221 runs
659557,ZIM,PAK,Harare,ZIM,10 Sep 2013,ZIM,bat,294,230,199,239,ZIM,24 runs
736435,ZIM,RSA,Harare,ZIM,9 Aug 2014,ZIM,bat,256,397,181,44/1,RSA,9 wickets
1024041,ZIM,NZL,Bulawayo,ZIM,28 Jul 2016,ZIM,bat,164,576/6d,295,-,NZL,an innings and 117 runs
1024043,NZL,ZIM,Bulawayo,ZIM,6 Aug 2016,NZL,bat,582/4d,362,166/2d,132,NZL,254 runs
1059702,SRL,ZIM,Harare,ZIM,29 Oct 2016,SRL,bat,537,373,247/6d,186,SRL,225 runs
1059703,SRL,ZIM,Harare,ZIM,6 Nov 2016,ZIM,bowl,504,272,258/9d,233,SRL,257 runs
1122886,WIN,ZIM,Bulawayo,ZIM,21 Oct 2017,WIN,bat,219,159,373,316,WIN,117 runs
1122887,ZIM,WIN,Bulawayo,ZIM,29 Oct 2017,ZIM,bat,326,448,301/7,-,draw,-
63956,BAN,ZIM,Dhaka,BAN,8 Nov 2001,ZIM,bowl,107,431,125/3,-,draw,-
63957,ZIM,BAN,Chattogram,BAN,15 Nov 2001,BAN,bowl,542/7d,251,301 (f/o),11/2,ZIM,8 wickets
63972,BAN,PAK,Dhaka,BAN,9 Jan 2002,PAK,bowl,160,490/9d,152,-,PAK,an innings and 178 runs
63973,BAN,PAK,Chattogram,BAN,16 Jan 2002,BAN,bat,148,465/9d,148,-,PAK,an innings and 169 runs
64018,BAN,WIN,Dhaka,BAN,8 Dec 2002,WIN,bowl,139,536,87,-,WIN,an innings and 310 runs
64019,BAN,WIN,Chattogram,BAN,16 Dec 2002,BAN,bat,194,296,212,111/3,WIN,7 wickets
64028,BAN,RSA,Chattogram,BAN,24 Apr 2003,BAN,bat,173,470/2d,237,-,RSA,an innings and 60 runs
64029,RSA,BAN,Dhaka,BAN,1 May 2003,RSA,bat,330,102,210 (f/o),-,RSA,an innings and 18 runs
64052,BAN,ENG,Dhaka,BAN,21 Oct 2003,BAN,bat,203,295,255,164/3,ENG,7 wickets
64053,ENG,BAN,Chattogram,BAN,29 Oct 2003,BAN,bowl,326,152,293/5d,138,ENG,329 runs
64103,BAN,NZL,Dhaka,BAN,19 Oct 2004,BAN,bat,177,402,126,-,NZL,an innings and 99 runs
64104,NZL,BAN,Chattogram,BAN,26 Oct 2004,NZL,bat,545/6d,182,262 (f/o),-,NZL,an innings and 101 runs
64111,BAN,IND,Dhaka,BAN,10 Dec 2004,IND,bowl,184,526,202,-,IND,an innings and 140 runs
64112,IND,BAN,Chattogram,BAN,17 Dec 2004,IND,bat,540,333,124 (f/o),-,IND,an innings and 83 runs
64121,BAN,ZIM,Chattogram,BAN,6 Jan 2005,BAN,bat,488,312,204/9d,154,BAN,226 runs
64122,ZIM,BAN,Dhaka,BAN,14 Jan 2005,ZIM,bat,298,211,286,285/5,draw,-
238167,BAN,SRL,Chattogram,BAN,28 Feb 2006,BAN,bat,319,338,181,163/2,SRL,8 wickets
238168,BAN,SRL,Bogra,BAN,8 Mar 2006,BAN,bat,234,316,201,120/0,SRL,10 wickets
238171,BAN,AUS,Fatullah,BAN,9 Apr 2006,BAN,bat,427,269,148,307/7,AUS,3 wickets
238172,BAN,AUS,Chattogram,BAN,16 Apr 2006,BAN,bat,197,581/4d,304,-,AUS,an innings and 80 runs
282691,IND,BAN,Chattogram,BAN,18 May 2007,IND,bat,387/8d,238,100/6d,104/2,draw,-
282692,IND,BAN,Dhaka,BAN,25 May 2007,BAN,bowl,610/3d,118,253 (f/o),-,IND,an innings and 239 runs
323947,BAN,RSA,Dhaka,BAN,22 Feb 2008,BAN,bat,192,170,182,205/5,RSA,5 wickets
323948,RSA,BAN,Chattogram,BAN,29 Feb 2008,RSA,bat,583/7d,259,119 (f/o),-,RSA,an innings and 205 runs
361758,BAN,NZL,Chattogram,BAN,17 Oct 2008,BAN,bat,245,171,242,317/7,NZL,3 wickets
361759,NZL,BAN,Dhaka,BAN,25 Oct 2008,BAN,bowl,262/6d,169/9d,79/1d,-,draw,-
378750,SRL,BAN,Dhaka,BAN,26 Dec 2008,SRL,bat,293,178,405/6d,413,SRL,107 runs
378751,SRL,BAN,Chattogram,BAN,3 Jan 2009,SRL,bat,384,208,447/6d,158,SRL,465 runs
434256,IND,BAN,Chattogram,BAN,17 Jan 2010,BAN,bowl,243,242,413/8d,301,IND,113 runs
434257,BAN,IND,Dhaka,BAN,24 Jan 2010,BAN,bat,233,544/8d,312,2/0,IND,10 wickets
426423,ENG,BAN,Chattogram,BAN,12 Mar 2010,BAN,bowl,599/6d,296,209/7d,331,ENG,181 runs
426424,BAN,ENG,Dhaka,BAN,20 Mar 2010,BAN,bat,419,496,285,209/1,ENG,9 wickets
531986,BAN,WIN,Chattogram,BAN,21 Oct 2011,BAN,bat,350/9d,244,119/3d,100/2,draw,-
531987,WIN,BAN,Dhaka,BAN,29 Oct 2011,WIN,bat,355,231,383/5d,278,WIN,229 runs
538072,BAN,PAK,Chattogram,BAN,9 Dec 2011,PAK,bowl,135,594/5d,275,-,PAK,an innings and 184 runs
538073,BAN,PAK,Dhaka,BAN,17 Dec 2011,PAK,bowl,338,470,234,107/3,PAK,7 wickets
587469,WIN,BAN,Dhaka,BAN,13 Nov 2012,WIN,bat,527/4d,556,273,167,WIN,77 runs
587470,BAN,WIN,Khulna,BAN,21 Nov 2012,BAN,bat,387,648/9d,287,30/0,WIN,10 wickets
668949,NZL,BAN,Chattogram,BAN,9 Oct 2013,NZL,bat,469,501,287/7d,173/3,draw,-
668951,BAN,NZL,Dhaka,BAN,21 Oct 2013,BAN,bat,282,437,269/3,-,draw,-
690347,BAN,SRL,Dhaka,BAN,27 Jan 2014,SRL,bowl,232,730/6d,250,-,SRL,an innings and 248 runs
690349,SRL,BAN,Chattogram,BAN,4 Feb 2014,SRL,bat,587,426,305/4d,271/3,draw,-
760781,ZIM,BAN,Dhaka,BAN,25 Oct 2014,ZIM,bat,240,254,114,101/7,BAN,3 wickets
760783,BAN,ZIM,Khulna,BAN,3 Nov 2014,BAN,bat,433,368,248/9d,151,BAN,162 runs
760785,BAN,ZIM,Chattogram,BAN,12 Nov 2014,BAN,bat,503,374,319/5d,262,BAN,186 runs
858493,BAN,PAK,Khulna,BAN,28 Apr 2015,BAN,bat,332,628,555/6,-,draw,-
858495,PAK,BAN,Dhaka,BAN,6 May 2015,BAN,bowl,557/8d,203,195/6d,221,PAK,328 runs
870729,IND,BAN,Fatullah,BAN,10 Jun 2015,IND,bat,462/6d,256,23/0 (f/o),-,draw,-
817213,RSA,BAN,Chattogram,BAN,21 Jul 2015,RSA,bat,248,326,61/0,-,draw,-
1029825,ENG,BAN,Chattogram,BAN,20 Oct 2016,ENG,bat,293,248,240,263,ENG,22 runs
1029827,BAN,ENG,Dhaka,BAN,28 Oct 2016,BAN,bat,220,244,296,164,BAN,108 runs
1104284,BAN,AUS,Dhaka,BAN,27 Aug 2017,BAN,bat,260,217,221,244,BAN,20 runs
1104285,BAN,AUS,Chattogram,BAN,4 Sep 2017,BAN,bat,305,377,157,87/3,AUS,7 wickets
1130744,BAN,SRL,Chattogram,BAN,31 Jan 2018,BAN,bat,513,713/9d,307/5d,-,draw,-
1130745,SRL,BAN,Dhaka,BAN,8 Feb 2018,SRL,bat,222,110,226,123,SRL,215 runs
1153639,ZIM,BAN,Sylhet,BAN,3 Nov 2018,ZIM,bat,282,143,181,169,ZIM,151 runs
1153640,BAN,ZIM,Dhaka,BAN,11 Nov 2018,BAN,bat,522/7d,304,224/6d,224,BAN,218 runs
1153311,BAN,WIN,Chattogram,BAN,22 Nov 2018,BAN,bat,324,246,125,139,BAN,64 runs
1153312,BAN,WIN,Dhaka,BAN,30 Nov 2018,BAN,bat,508,111,213 (f/o),-,BAN,an innings and 184 runs
1197138,AFG,BAN,Chattogram,BAN,5 Sep 2019,AFG,bat,342,205,260,173,AFG,224 runs
1214666,ZIM,BAN,Dhaka,BAN,22 Feb 2020,ZIM,bat,265,560/6d,189,-,BAN,an innings and 106 runs
63974,PAK,WIN,Sharjah,UAE,31 Jan 2002,PAK,bat,493,366,214/6d,171,PAK,170 runs
63975,PAK,WIN,Sharjah,UAE,7 Feb 2002,WIN,bowl,472,264,225/5d,189,PAK,244 runs
64002,PAK,AUS,Sharjah,UAE,11 Oct 2002,PAK,bat,59,310,53,-,AUS,an innings and 198 runs
64003,AUS,PAK,Sharjah,UAE,19 Oct 2002,AUS,bat,444,221,203 (f/o),-,AUS,an innings and 20 runs
461571,RSA,PAK,Dubai (DSC),UAE,12 Nov 2010,RSA,bat,380,248,318/2d,343/3,draw,-
461572,RSA,PAK,Abu Dhabi,UAE,20 Nov 2010,PAK,bowl,584/9d,434,203/5d,153/3,draw,-
530424,SRL,PAK,Abu Dhabi,UAE,18 Oct 2011,PAK,bowl,197,511/6d,483,21/1,draw,-
530425,SRL,PAK,Dubai (DSC),UAE,26 Oct 2011,SRL,bat,239,403,257,94/1,PAK,9 wickets
530426,SRL,PAK,Sharjah,UAE,3 Nov 2011,SRL,bat,413,340,181/6d,87/4,draw,-
531628,ENG,PAK,Dubai (DSC),UAE,17 Jan 2012,ENG,bat,192,338,160,15/0,PAK,10 wickets
531629,PAK,ENG,Abu Dhabi,UAE,25 Jan 2012,PAK,bat,257,327,214,72,PAK,72 runs
531630,PAK,ENG,Dubai (DSC),UAE,3 Feb 2012,PAK,bat,99,141,365,252,PAK,71 runs
649087,RSA,PAK,Abu Dhabi,UAE,14 Oct 2013,RSA,bat,249,442,232,45/3,PAK,7 wickets
649089,PAK,RSA,Dubai (DSC),UAE,23 Oct 2013,PAK,bat,99,517,326,-,RSA,an innings and 92 runs
657647,SRL,PAK,Abu Dhabi,UAE,31 Dec 2013,PAK,bowl,204,383,480/5d,158/2,draw,-
657649,PAK,SRL,Dubai (DSC),UAE,8 Jan 2014,SRL,bowl,165,388,359,137/1,SRL,9 wickets
657651,SRL,PAK,Sharjah,UAE,16 Jan 2014,SRL,bat,428/9d,341,214,302/5,PAK,5 wickets
727927,PAK,AUS,Dubai (DSC),UAE,22 Oct 2014,PAK,bat,454,303,286/2d,216,PAK,221 runs
727929,PAK,AUS,Abu Dhabi,UAE,30 Oct 2014,PAK,bat,570/6d,261,293/3d,246,PAK,356 runs
742611,PAK,NZL,Abu Dhabi,UAE,9 Nov 2014,PAK,bat,566/3d,262,175/2d,231,PAK,248 runs
742613,NZL,PAK,Dubai (DSC),UAE,17 Nov 2014,NZL,bat,403,393,250/9d,196/5,draw,-
742615,PAK,NZL,Sharjah,UAE,26 Nov 2014,PAK,bat,351,690,259,-,NZL,an innings and 80 runs
902635,PAK,ENG,Abu Dhabi,UAE,13 Oct 2015,PAK,bat,523/8d,598/9d,173,74/4,draw,-
902637,PAK,ENG,Dubai (DSC),UAE,22 Oct 2015,PAK,bat,378,242,354/6d,312,PAK,178 runs
902639,PAK,ENG,Sharjah,UAE,1 Nov 2015,PAK,bat,234,306,355,156,PAK,127 runs
1050229,PAK,WIN,Dubai (DSC),UAE,13 Oct 2016,PAK,bat,579/3d,357,123,289,PAK,56 runs
1050231,PAK,WIN,Abu Dhabi,UAE,21 Oct 2016,PAK,bat,452,224,227/2d,322,PAK,133 runs
1050233,PAK,WIN,Sharjah,UAE,30 Oct 2016,PAK,bat,281,337,208,154/5,WIN,5 wickets
1120284,SRL,PAK,Abu Dhabi,UAE,28 Sep 2017,SRL,bat,419,422,138,114,SRL,21 runs
1120285,SRL,PAK,Dubai (DSC),UAE,6 Oct 2017,SRL,bat,482,262,96,248,SRL,68 runs
1157370,PAK,AUS,Dubai (DSC),UAE,7 Oct 2018,PAK,bat,482,202,181/6d,362/8,draw,-
1157371,PAK,AUS,Abu Dhabi,UAE,16 Oct 2018,PAK,bat,282,145,400/9d,164,PAK,373 runs
1157381,NZL,PAK,Abu Dhabi,UAE,16 Nov 2018,NZL,bat,153,227,249,171,NZL,4 runs
1157382,PAK,NZL,Dubai (DSC),UAE,24 Nov 2018,PAK,bat,418/5d,90,312 (f/o),-,PAK,an innings and 16 runs
1157383,NZL,PAK,Abu Dhabi,UAE,3 Dec 2018,NZL,bat,274,348,353/7d,156,NZL,123 runs
1127284,PAK,IRE,Dublin (Malahide),IRE,11 May 2018,IRE,bowl,310/9d,130,339 (f/o),160/5,PAK,5 wickets
